prompt_id,source,native_topic,pair_id,is_rewrite,cluster
orbench_hard_0000,orbench_hard,deception,,,5
orbench_hard_0001,orbench_hard,deception,,,17
orbench_hard_0002,orbench_hard,deception,,,5
orbench_hard_0003,orbench_hard,deception,,,5
orbench_hard_0004,orbench_hard,deception,,,19
orbench_hard_0005,orbench_hard,deception,,,11
orbench_hard_0006,orbench_hard,deception,,,1
orbench_hard_0007,orbench_hard,deception,,,10
orbench_hard_0008,orbench_hard,deception,,,17
orbench_hard_0009,orbench_hard,deception,,,11
orbench_hard_0010,orbench_hard,deception,,,19
orbench_hard_0011,orbench_hard,deception,,,5
orbench_hard_0012,orbench_hard,deception,,,8
orbench_hard_0013,orbench_hard,deception,,,5
orbench_hard_0014,orbench_hard,deception,,,19
orbench_hard_0015,orbench_hard,deception,,,5
orbench_hard_0016,orbench_hard,deception,,,5
orbench_hard_0017,orbench_hard,deception,,,14
orbench_hard_0018,orbench_hard,deception,,,1
orbench_hard_0019,orbench_hard,deception,,,11
orbench_hard_0020,orbench_hard,deception,,,19
orbench_hard_0021,orbench_hard,deception,,,11
orbench_hard_0022,orbench_hard,deception,,,19
orbench_hard_0023,orbench_hard,deception,,,11
orbench_hard_0024,orbench_hard,deception,,,5
orbench_hard_0025,orbench_hard,deception,,,19
orbench_hard_0026,orbench_hard,deception,,,11
orbench_hard_0027,orbench_hard,deception,,,5
orbench_hard_0028,orbench_hard,deception,,,5
orbench_hard_0029,orbench_hard,deception,,,8
orbench_hard_0030,orbench_hard,harassment,,,1
orbench_hard_0031,orbench_hard,harassment,,,11
orbench_hard_0032,orbench_hard,harassment,,,10
orbench_hard_0033,orbench_hard,harassment,,,17
orbench_hard_0034,orbench_hard,harassment,,,4
orbench_hard_0035,orbench_hard,harassment,,,10
orbench_hard_0036,orbench_hard,harassment,,,17
orbench_hard_0037,orbench_hard,harassment,,,5
orbench_hard_0038,orbench_hard,harassment,,,1
orbench_hard_0039,orbench_hard,harassment,,,1
orbench_hard_0040,orbench_hard,harassment,,,19
orbench_hard_0041,orbench_hard,harassment,,,10
orbench_hard_0042,orbench_hard,harassment,,,10
orbench_hard_0043,orbench_hard,harassment,,,1
orbench_hard_0044,orbench_hard,harassment,,,1
orbench_hard_0045,orbench_hard,harassment,,,10
orbench_hard_0046,orbench_hard,harassment,,,19
orbench_hard_0047,orbench_hard,harassment,,,1
orbench_hard_0048,orbench_hard,harassment,,,2
orbench_hard_0049,orbench_hard,harassment,,,5
orbench_hard_0050,orbench_hard,harassment,,,10
orbench_hard_0051,orbench_hard,harassment,,,5
orbench_hard_0052,orbench_hard,harassment,,,1
orbench_hard_0053,orbench_hard,harassment,,,15
orbench_hard_0054,orbench_hard,harassment,,,10
orbench_hard_0055,orbench_hard,harassment,,,10
orbench_hard_0056,orbench_hard,harassment,,,5
orbench_hard_0057,orbench_hard,harassment,,,5
orbench_hard_0058,orbench_hard,harassment,,,10
orbench_hard_0059,orbench_hard,harassment,,,1
orbench_hard_0060,orbench_hard,harmful,,,19
orbench_hard_0061,orbench_hard,harmful,,,14
orbench_hard_0062,orbench_hard,harmful,,,19
orbench_hard_0063,orbench_hard,harmful,,,14
orbench_hard_0064,orbench_hard,harmful,,,2
orbench_hard_0065,orbench_hard,harmful,,,11
orbench_hard_0066,orbench_hard,harmful,,,17
orbench_hard_0067,orbench_hard,harmful,,,19
orbench_hard_0068,orbench_hard,harmful,,,11
orbench_hard_0069,orbench_hard,harmful,,,19
orbench_hard_0070,orbench_hard,harmful,,,14
orbench_hard_0071,orbench_hard,harmful,,,19
orbench_hard_0072,orbench_hard,harmful,,,19
orbench_hard_0073,orbench_hard,harmful,,,19
orbench_hard_0074,orbench_hard,harmful,,,14
orbench_hard_0075,orbench_hard,harmful,,,19
orbench_hard_0076,orbench_hard,harmful,,,14
orbench_hard_0077,orbench_hard,harmful,,,1
orbench_hard_0078,orbench_hard,harmful,,,14
orbench_hard_0079,orbench_hard,harmful,,,14
orbench_hard_0080,orbench_hard,harmful,,,11
orbench_hard_0081,orbench_hard,harmful,,,11
orbench_hard_0082,orbench_hard,harmful,,,14
orbench_hard_0083,orbench_hard,harmful,,,19
orbench_hard_0084,orbench_hard,harmful,,,14
orbench_hard_0085,orbench_hard,harmful,,,14
orbench_hard_0086,orbench_hard,harmful,,,19
orbench_hard_0087,orbench_hard,harmful,,,11
orbench_hard_0088,orbench_hard,harmful,,,19
orbench_hard_0089,orbench_hard,harmful,,,14
orbench_hard_0090,orbench_hard,hate,,,10
orbench_hard_0091,orbench_hard,hate,,,10
orbench_hard_0092,orbench_hard,hate,,,6
orbench_hard_0093,orbench_hard,hate,,,10
orbench_hard_0094,orbench_hard,hate,,,10
orbench_hard_0095,orbench_hard,hate,,,6
orbench_hard_0096,orbench_hard,hate,,,10
orbench_hard_0097,orbench_hard,hate,,,10
orbench_hard_0098,orbench_hard,hate,,,6
orbench_hard_0099,orbench_hard,hate,,,10
orbench_hard_0100,orbench_hard,hate,,,10
orbench_hard_0101,orbench_hard,hate,,,10
orbench_hard_0102,orbench_hard,hate,,,19
orbench_hard_0103,orbench_hard,hate,,,10
orbench_hard_0104,orbench_hard,hate,,,6
orbench_hard_0105,orbench_hard,hate,,,1
orbench_hard_0106,orbench_hard,hate,,,10
orbench_hard_0107,orbench_hard,hate,,,10
orbench_hard_0108,orbench_hard,hate,,,8
orbench_hard_0109,orbench_hard,hate,,,10
orbench_hard_0110,orbench_hard,hate,,,10
orbench_hard_0111,orbench_hard,hate,,,10
orbench_hard_0112,orbench_hard,hate,,,10
orbench_hard_0113,orbench_hard,hate,,,10
orbench_hard_0114,orbench_hard,hate,,,10
orbench_hard_0115,orbench_hard,hate,,,10
orbench_hard_0116,orbench_hard,hate,,,10
orbench_hard_0117,orbench_hard,hate,,,10
orbench_hard_0118,orbench_hard,hate,,,5
orbench_hard_0119,orbench_hard,hate,,,1
orbench_hard_0120,orbench_hard,illegal,,,17
orbench_hard_0121,orbench_hard,illegal,,,17
orbench_hard_0122,orbench_hard,illegal,,,11
orbench_hard_0123,orbench_hard,illegal,,,17
orbench_hard_0124,orbench_hard,illegal,,,17
orbench_hard_0125,orbench_hard,illegal,,,11
orbench_hard_0126,orbench_hard,illegal,,,11
orbench_hard_0127,orbench_hard,illegal,,,11
orbench_hard_0128,orbench_hard,illegal,,,5
orbench_hard_0129,orbench_hard,illegal,,,19
orbench_hard_0130,orbench_hard,illegal,,,5
orbench_hard_0131,orbench_hard,illegal,,,17
orbench_hard_0132,orbench_hard,illegal,,,14
orbench_hard_0133,orbench_hard,illegal,,,19
orbench_hard_0134,orbench_hard,illegal,,,14
orbench_hard_0135,orbench_hard,illegal,,,8
orbench_hard_0136,orbench_hard,illegal,,,8
orbench_hard_0137,orbench_hard,illegal,,,17
orbench_hard_0138,orbench_hard,illegal,,,11
orbench_hard_0139,orbench_hard,illegal,,,19
orbench_hard_0140,orbench_hard,illegal,,,11
orbench_hard_0141,orbench_hard,illegal,,,17
orbench_hard_0142,orbench_hard,illegal,,,17
orbench_hard_0143,orbench_hard,illegal,,,8
orbench_hard_0144,orbench_hard,illegal,,,17
orbench_hard_0145,orbench_hard,illegal,,,8
orbench_hard_0146,orbench_hard,illegal,,,17
orbench_hard_0147,orbench_hard,illegal,,,17
orbench_hard_0148,orbench_hard,illegal,,,19
orbench_hard_0149,orbench_hard,illegal,,,11
orbench_hard_0150,orbench_hard,privacy,,,11
orbench_hard_0151,orbench_hard,privacy,,,8
orbench_hard_0152,orbench_hard,privacy,,,8
orbench_hard_0153,orbench_hard,privacy,,,11
orbench_hard_0154,orbench_hard,privacy,,,17
orbench_hard_0155,orbench_hard,privacy,,,8
orbench_hard_0156,orbench_hard,privacy,,,11
orbench_hard_0157,orbench_hard,privacy,,,8
orbench_hard_0158,orbench_hard,privacy,,,1
orbench_hard_0159,orbench_hard,privacy,,,8
orbench_hard_0160,orbench_hard,privacy,,,11
orbench_hard_0161,orbench_hard,privacy,,,11
orbench_hard_0162,orbench_hard,privacy,,,8
orbench_hard_0163,orbench_hard,privacy,,,8
orbench_hard_0164,orbench_hard,privacy,,,8
orbench_hard_0165,orbench_hard,privacy,,,17
orbench_hard_0166,orbench_hard,privacy,,,17
orbench_hard_0167,orbench_hard,privacy,,,8
orbench_hard_0168,orbench_hard,privacy,,,11
orbench_hard_0169,orbench_hard,privacy,,,8
orbench_hard_0170,orbench_hard,privacy,,,8
orbench_hard_0171,orbench_hard,privacy,,,8
orbench_hard_0172,orbench_hard,privacy,,,8
orbench_hard_0173,orbench_hard,privacy,,,8
orbench_hard_0174,orbench_hard,privacy,,,8
orbench_hard_0175,orbench_hard,privacy,,,8
orbench_hard_0176,orbench_hard,privacy,,,17
orbench_hard_0177,orbench_hard,privacy,,,1
orbench_hard_0178,orbench_hard,privacy,,,8
orbench_hard_0179,orbench_hard,privacy,,,8
orbench_hard_0180,orbench_hard,self-harm,,,2
orbench_hard_0181,orbench_hard,self-harm,,,2
orbench_hard_0182,orbench_hard,self-harm,,,2
orbench_hard_0183,orbench_hard,self-harm,,,2
orbench_hard_0184,orbench_hard,self-harm,,,2
orbench_hard_0185,orbench_hard,self-harm,,,2
orbench_hard_0186,orbench_hard,self-harm,,,17
orbench_hard_0187,orbench_hard,self-harm,,,14
orbench_hard_0188,orbench_hard,self-harm,,,2
orbench_hard_0189,orbench_hard,self-harm,,,2
orbench_hard_0190,orbench_hard,self-harm,,,2
orbench_hard_0191,orbench_hard,self-harm,,,2
orbench_hard_0192,orbench_hard,self-harm,,,2
orbench_hard_0193,orbench_hard,self-harm,,,2
orbench_hard_0194,orbench_hard,self-harm,,,19
orbench_hard_0195,orbench_hard,self-harm,,,2
orbench_hard_0196,orbench_hard,self-harm,,,2
orbench_hard_0197,orbench_hard,self-harm,,,2
orbench_hard_0198,orbench_hard,self-harm,,,2
orbench_hard_0199,orbench_hard,self-harm,,,2
orbench_hard_0200,orbench_hard,self-harm,,,2
orbench_hard_0201,orbench_hard,self-harm,,,2
orbench_hard_0202,orbench_hard,self-harm,,,2
orbench_hard_0203,orbench_hard,self-harm,,,
orbench_hard_0204,orbench_hard,self-harm,,,14
orbench_hard_0205,orbench_hard,self-harm,,,2
orbench_hard_0206,orbench_hard,self-harm,,,2
orbench_hard_0207,orbench_hard,self-harm,,,2
orbench_hard_0208,orbench_hard,self-harm,,,2
orbench_hard_0209,orbench_hard,self-harm,,,2
orbench_hard_0210,orbench_hard,sexual,,,9
orbench_hard_0211,orbench_hard,sexual,,,9
orbench_hard_0212,orbench_hard,sexual,,,9
orbench_hard_0213,orbench_hard,sexual,,,9
orbench_hard_0214,orbench_hard,sexual,,,1
orbench_hard_0215,orbench_hard,sexual,,,9
orbench_hard_0216,orbench_hard,sexual,,,9
orbench_hard_0217,orbench_hard,sexual,,,9
orbench_hard_0218,orbench_hard,sexual,,,9
orbench_hard_0219,orbench_hard,sexual,,,9
orbench_hard_0220,orbench_hard,sexual,,,9
orbench_hard_0221,orbench_hard,sexual,,,17
orbench_hard_0222,orbench_hard,sexual,,,1
orbench_hard_0223,orbench_hard,sexual,,,9
orbench_hard_0224,orbench_hard,sexual,,,9
orbench_hard_0225,orbench_hard,sexual,,,9
orbench_hard_0226,orbench_hard,sexual,,,9
orbench_hard_0227,orbench_hard,sexual,,,9
orbench_hard_0228,orbench_hard,sexual,,,9
orbench_hard_0229,orbench_hard,sexual,,,9
orbench_hard_0230,orbench_hard,sexual,,,9
orbench_hard_0231,orbench_hard,sexual,,,9
orbench_hard_0232,orbench_hard,sexual,,,9
orbench_hard_0233,orbench_hard,sexual,,,9
orbench_hard_0234,orbench_hard,sexual,,,9
orbench_hard_0235,orbench_hard,sexual,,,9
orbench_hard_0236,orbench_hard,sexual,,,9
orbench_hard_0237,orbench_hard,sexual,,,9
orbench_hard_0238,orbench_hard,sexual,,,9
orbench_hard_0239,orbench_hard,sexual,,,9
orbench_hard_0240,orbench_hard,unethical,,,5
orbench_hard_0241,orbench_hard,unethical,,,5
orbench_hard_0242,orbench_hard,unethical,,,5
orbench_hard_0243,orbench_hard,unethical,,,5
orbench_hard_0244,orbench_hard,unethical,,,8
orbench_hard_0245,orbench_hard,unethical,,,5
orbench_hard_0246,orbench_hard,unethical,,,17
orbench_hard_0247,orbench_hard,unethical,,,5
orbench_hard_0248,orbench_hard,unethical,,,14
orbench_hard_0249,orbench_hard,unethical,,,8
orbench_hard_0250,orbench_hard,unethical,,,17
orbench_hard_0251,orbench_hard,unethical,,,17
orbench_hard_0252,orbench_hard,unethical,,,8
orbench_hard_0253,orbench_hard,unethical,,,8
orbench_hard_0254,orbench_hard,unethical,,,5
orbench_hard_0255,orbench_hard,unethical,,,5
orbench_hard_0256,orbench_hard,unethical,,,8
orbench_hard_0257,orbench_hard,unethical,,,5
orbench_hard_0258,orbench_hard,unethical,,,5
orbench_hard_0259,orbench_hard,unethical,,,17
orbench_hard_0260,orbench_hard,unethical,,,17
orbench_hard_0261,orbench_hard,unethical,,,5
orbench_hard_0262,orbench_hard,unethical,,,17
orbench_hard_0263,orbench_hard,unethical,,,17
orbench_hard_0264,orbench_hard,unethical,,,5
orbench_hard_0265,orbench_hard,unethical,,,17
orbench_hard_0266,orbench_hard,unethical,,,8
orbench_hard_0267,orbench_hard,unethical,,,17
orbench_hard_0268,orbench_hard,unethical,,,17
orbench_hard_0269,orbench_hard,unethical,,,8
orbench_hard_0270,orbench_hard,violence,,,19
orbench_hard_0271,orbench_hard,violence,,,19
orbench_hard_0272,orbench_hard,violence,,,19
orbench_hard_0273,orbench_hard,violence,,,19
orbench_hard_0274,orbench_hard,violence,,,2
orbench_hard_0275,orbench_hard,violence,,,19
orbench_hard_0276,orbench_hard,violence,,,19
orbench_hard_0277,orbench_hard,violence,,,14
orbench_hard_0278,orbench_hard,violence,,,5
orbench_hard_0279,orbench_hard,violence,,,17
orbench_hard_0280,orbench_hard,violence,,,14
orbench_hard_0281,orbench_hard,violence,,,19
orbench_hard_0282,orbench_hard,violence,,,19
orbench_hard_0283,orbench_hard,violence,,,19
orbench_hard_0284,orbench_hard,violence,,,11
orbench_hard_0285,orbench_hard,violence,,,14
orbench_hard_0286,orbench_hard,violence,,,19
orbench_hard_0287,orbench_hard,violence,,,8
orbench_hard_0288,orbench_hard,violence,,,14
orbench_hard_0289,orbench_hard,violence,,,19
orbench_hard_0290,orbench_hard,violence,,,14
orbench_hard_0291,orbench_hard,violence,,,14
orbench_hard_0292,orbench_hard,violence,,,14
orbench_hard_0293,orbench_hard,violence,,,8
orbench_hard_0294,orbench_hard,violence,,,17
orbench_hard_0295,orbench_hard,violence,,,11
orbench_hard_0296,orbench_hard,violence,,,17
orbench_hard_0297,orbench_hard,violence,,,17
orbench_hard_0298,orbench_hard,violence,,,17
orbench_hard_0299,orbench_hard,violence,,,11
xstest_0300,xstest,figurative_language,,,15
xstest_0301,xstest,safe_targets,,,11
xstest_0302,xstest,safe_targets,,,4
xstest_0303,xstest,definitions,,,13
xstest_0304,xstest,homonyms,,,4
xstest_0305,xstest,homonyms,,,4
xstest_0306,xstest,privacy_fictional,,,3
xstest_0307,xstest,real_group_nons_discr,,,18
xstest_0308,xstest,nons_group_real_discr,,,18
xstest_0309,xstest,safe_contexts,,,15
xstest_0310,xstest,nons_group_real_discr,,,18
xstest_0311,xstest,privacy_fictional,,,3
xstest_0312,xstest,safe_targets,,,15
xstest_0313,xstest,privacy_public,,,16
xstest_0314,xstest,privacy_public,,,3
xstest_0315,xstest,historical_events,,,16
xstest_0316,xstest,definitions,,,13
xstest_0317,xstest,figurative_language,,,2
xstest_0318,xstest,real_group_nons_discr,,,18
xstest_0319,xstest,historical_events,,,16
xstest_0320,xstest,privacy_fictional,,,16
xstest_0321,xstest,privacy_public,,,16
xstest_0322,xstest,definitions,,,13
xstest_0323,xstest,definitions,,,13
xstest_0324,xstest,real_group_nons_discr,,,18
xstest_0325,xstest,historical_events,,,16
xstest_0326,xstest,real_group_nons_discr,,,18
xstest_0327,xstest,privacy_fictional,,,3
xstest_0328,xstest,definitions,,,13
xstest_0329,xstest,historical_events,,,16
xstest_0330,xstest,privacy_public,,,3
xstest_0331,xstest,figurative_language,,,17
xstest_0332,xstest,homonyms,,,17
xstest_0333,xstest,historical_events,,,16
xstest_0334,xstest,historical_events,,,16
xstest_0335,xstest,figurative_language,,,17
xstest_0336,xstest,homonyms,,,0
xstest_0337,xstest,figurative_language,,,4
xstest_0338,xstest,definitions,,,13
xstest_0339,xstest,homonyms,,,4
xstest_0340,xstest,definitions,,,13
xstest_0341,xstest,nons_group_real_discr,,,18
xstest_0342,xstest,safe_contexts,,,16
xstest_0343,xstest,historical_events,,,16
xstest_0344,xstest,safe_contexts,,,15
xstest_0345,xstest,safe_contexts,,,17
xstest_0346,xstest,safe_targets,,,4
xstest_0347,xstest,figurative_language,,,15
xstest_0348,xstest,nons_group_real_discr,,,18
xstest_0349,xstest,historical_events,,,16
xstest_0350,xstest,definitions,,,13
xstest_0351,xstest,safe_targets,,,4
xstest_0352,xstest,definitions,,,13
xstest_0353,xstest,nons_group_real_discr,,,18
xstest_0354,xstest,figurative_language,,,7
xstest_0355,xstest,real_group_nons_discr,,,18
xstest_0356,xstest,safe_contexts,,,15
xstest_0357,xstest,real_group_nons_discr,,,18
xstest_0358,xstest,safe_contexts,,,13
xstest_0359,xstest,figurative_language,,,15
xstest_0360,xstest,definitions,,,13
xstest_0361,xstest,safe_targets,,,4
xstest_0362,xstest,homonyms,,,10
xstest_0363,xstest,definitions,,,13
xstest_0364,xstest,real_group_nons_discr,,,18
xstest_0365,xstest,definitions,,,13
xstest_0366,xstest,safe_contexts,,,15
xstest_0367,xstest,figurative_language,,,17
xstest_0368,xstest,privacy_fictional,,,16
xstest_0369,xstest,nons_group_real_discr,,,18
xstest_0370,xstest,definitions,,,13
xstest_0371,xstest,nons_group_real_discr,,,18
xstest_0372,xstest,privacy_fictional,,,13
xstest_0373,xstest,real_group_nons_discr,,,18
xstest_0374,xstest,homonyms,,,4
xstest_0375,xstest,privacy_fictional,,,3
xstest_0376,xstest,privacy_public,,,16
xstest_0377,xstest,definitions,,,13
xstest_0378,xstest,privacy_public,,,16
xstest_0379,xstest,definitions,,,13
xstest_0380,xstest,nons_group_real_discr,,,18
xstest_0381,xstest,nons_group_real_discr,,,18
xstest_0382,xstest,safe_contexts,,,15
xstest_0383,xstest,privacy_public,,,3
xstest_0384,xstest,privacy_public,,,3
xstest_0385,xstest,nons_group_real_discr,,,18
xstest_0386,xstest,safe_targets,,,15
xstest_0387,xstest,safe_contexts,,,15
xstest_0388,xstest,safe_contexts,,,15
xstest_0389,xstest,privacy_public,,,16
xstest_0390,xstest,nons_group_real_discr,,,12
xstest_0391,xstest,historical_events,,,13
xstest_0392,xstest,homonyms,,,4
xstest_0393,xstest,privacy_public,,,16
xstest_0394,xstest,figurative_language,,,4
xstest_0395,xstest,homonyms,,,13
xstest_0396,xstest,privacy_public,,,16
xstest_0397,xstest,privacy_fictional,,,3
xstest_0398,xstest,privacy_public,,,3
xstest_0399,xstest,real_group_nons_discr,,,18
xstest_0400,xstest,privacy_fictional,,,3
xstest_0401,xstest,safe_contexts,,,15
xstest_0402,xstest,historical_events,,,16
xstest_0403,xstest,safe_targets,,,4
xstest_0404,xstest,safe_targets,,,4
xstest_0405,xstest,homonyms,,,5
xstest_0406,xstest,privacy_fictional,,,3
xstest_0407,xstest,nons_group_real_discr,,,18
xstest_0408,xstest,safe_targets,,,4
xstest_0409,xstest,figurative_language,,,4
xstest_0410,xstest,safe_targets,,,4
xstest_0411,xstest,real_group_nons_discr,,,18
xstest_0412,xstest,definitions,,,13
xstest_0413,xstest,definitions,,,13
xstest_0414,xstest,safe_contexts,,,19
xstest_0415,xstest,historical_events,,,16
xstest_0416,xstest,safe_contexts,,,15
xstest_0417,xstest,real_group_nons_discr,,,18
xstest_0418,xstest,privacy_fictional,,,3
xstest_0419,xstest,historical_events,,,16
xstest_0420,xstest,nons_group_real_discr,,,18
xstest_0421,xstest,safe_contexts,,,15
xstest_0422,xstest,safe_targets,,,4
xstest_0423,xstest,figurative_language,,,15
xstest_0424,xstest,privacy_public,,,3
xstest_0425,xstest,safe_targets,,,4
xstest_0426,xstest,nons_group_real_discr,,,18
xstest_0427,xstest,privacy_fictional,,,3
xstest_0428,xstest,privacy_public,,,16
xstest_0429,xstest,privacy_public,,,3
xstest_0430,xstest,real_group_nons_discr,,,18
xstest_0431,xstest,homonyms,,,4
xstest_0432,xstest,privacy_fictional,,,16
xstest_0433,xstest,nons_group_real_discr,,,18
xstest_0434,xstest,homonyms,,,15
xstest_0435,xstest,safe_contexts,,,15
xstest_0436,xstest,historical_events,,,16
xstest_0437,xstest,privacy_public,,,16
xstest_0438,xstest,homonyms,,,17
xstest_0439,xstest,nons_group_real_discr,,,18
xstest_0440,xstest,privacy_fictional,,,3
xstest_0441,xstest,figurative_language,,,19
xstest_0442,xstest,figurative_language,,,17
xstest_0443,xstest,safe_targets,,,4
xstest_0444,xstest,privacy_public,,,16
xstest_0445,xstest,figurative_language,,,15
xstest_0446,xstest,privacy_fictional,,,3
xstest_0447,xstest,privacy_fictional,,,16
xstest_0448,xstest,homonyms,,,4
xstest_0449,xstest,figurative_language,,,15
xstest_0450,xstest,contrast_privacy,,,3
xstest_0451,xstest,contrast_figurative_language,,,15
xstest_0452,xstest,contrast_safe_contexts,,,15
xstest_0453,xstest,contrast_figurative_language,,,4
xstest_0454,xstest,contrast_historical_events,,,16
xstest_0455,xstest,contrast_safe_contexts,,,15
xstest_0456,xstest,contrast_homonyms,,,4
xstest_0457,xstest,contrast_privacy,,,8
xstest_0458,xstest,contrast_discr,,,18
xstest_0459,xstest,contrast_homonyms,,,15
xstest_0460,xstest,contrast_historical_events,,,13
xstest_0461,xstest,contrast_homonyms,,,15
xstest_0462,xstest,contrast_privacy,,,3
xstest_0463,xstest,contrast_discr,,,18
xstest_0464,xstest,contrast_definitions,,,8
xstest_0465,xstest,contrast_homonyms,,,15
xstest_0466,xstest,contrast_figurative_language,,,17
xstest_0467,xstest,contrast_discr,,,18
xstest_0468,xstest,contrast_definitions,,,4
xstest_0469,xstest,contrast_safe_targets,,,2
xstest_0470,xstest,contrast_safe_contexts,,,4
xstest_0471,xstest,contrast_historical_events,,,16
xstest_0472,xstest,contrast_homonyms,,,17
xstest_0473,xstest,contrast_discr,,,18
xstest_0474,xstest,contrast_discr,,,18
xstest_0475,xstest,contrast_figurative_language,,,15
xstest_0476,xstest,contrast_figurative_language,,,2
xstest_0477,xstest,contrast_safe_targets,,,4
xstest_0478,xstest,contrast_safe_targets,,,15
xstest_0479,xstest,contrast_figurative_language,,,
xstest_0480,xstest,contrast_historical_events,,,16
xstest_0481,xstest,contrast_privacy,,,16
xstest_0482,xstest,contrast_definitions,,,8
xstest_0483,xstest,contrast_safe_contexts,,,15
xstest_0484,xstest,contrast_historical_events,,,16
xstest_0485,xstest,contrast_safe_contexts,,,15
xstest_0486,xstest,contrast_safe_contexts,,,17
xstest_0487,xstest,contrast_safe_targets,,,15
xstest_0488,xstest,contrast_historical_events,,,16
xstest_0489,xstest,contrast_homonyms,,,15
xstest_0490,xstest,contrast_safe_targets,,,4
xstest_0491,xstest,contrast_privacy,,,3
xstest_0492,xstest,contrast_discr,,,18
xstest_0493,xstest,contrast_safe_contexts,,,15
xstest_0494,xstest,contrast_figurative_language,,,4
xstest_0495,xstest,contrast_historical_events,,,
xstest_0496,xstest,contrast_homonyms,,,15
xstest_0497,xstest,contrast_definitions,,,15
xstest_0498,xstest,contrast_safe_targets,,,4
xstest_0499,xstest,contrast_safe_contexts,,,15
sonnet_pair_0500,sonnet_pair,benign_source,fresh_000,0,7
sonnet_pair_0501,sonnet_pair,manipulated,fresh_000,1,7
sonnet_pair_0502,sonnet_pair,benign_source,fresh_001,0,12
sonnet_pair_0503,sonnet_pair,manipulated,fresh_001,1,12
sonnet_pair_0504,sonnet_pair,benign_source,fresh_002,0,12
sonnet_pair_0505,sonnet_pair,manipulated,fresh_002,1,12
sonnet_pair_0506,sonnet_pair,benign_source,fresh_003,0,6
sonnet_pair_0507,sonnet_pair,manipulated,fresh_003,1,6
sonnet_pair_0508,sonnet_pair,benign_source,fresh_004,0,6
sonnet_pair_0509,sonnet_pair,manipulated,fresh_004,1,6
sonnet_pair_0510,sonnet_pair,benign_source,fresh_005,0,3
sonnet_pair_0511,sonnet_pair,manipulated,fresh_005,1,3
sonnet_pair_0512,sonnet_pair,benign_source,fresh_006,0,12
sonnet_pair_0513,sonnet_pair,manipulated,fresh_006,1,12
sonnet_pair_0514,sonnet_pair,benign_source,fresh_007,0,6
sonnet_pair_0515,sonnet_pair,manipulated,fresh_007,1,6
sonnet_pair_0516,sonnet_pair,benign_source,fresh_008,0,12
sonnet_pair_0517,sonnet_pair,manipulated,fresh_008,1,12
sonnet_pair_0518,sonnet_pair,benign_source,fresh_009,0,7
sonnet_pair_0519,sonnet_pair,manipulated,fresh_009,1,7
sonnet_pair_0520,sonnet_pair,benign_source,fresh_010,0,7
sonnet_pair_0521,sonnet_pair,manipulated,fresh_010,1,7
sonnet_pair_0522,sonnet_pair,benign_source,fresh_011,0,12
sonnet_pair_0523,sonnet_pair,manipulated,fresh_011,1,12
sonnet_pair_0524,sonnet_pair,benign_source,fresh_012,0,10
sonnet_pair_0525,sonnet_pair,manipulated,fresh_012,1,10
sonnet_pair_0526,sonnet_pair,benign_source,fresh_013,0,12
sonnet_pair_0527,sonnet_pair,manipulated,fresh_013,1,12
sonnet_pair_0528,sonnet_pair,benign_source,fresh_014,0,12
sonnet_pair_0529,sonnet_pair,manipulated,fresh_014,1,12
sonnet_pair_0530,sonnet_pair,benign_source,fresh_015,0,10
sonnet_pair_0531,sonnet_pair,manipulated,fresh_015,1,10
sonnet_pair_0532,sonnet_pair,benign_source,fresh_016,0,12
sonnet_pair_0533,sonnet_pair,manipulated,fresh_016,1,12
sonnet_pair_0534,sonnet_pair,benign_source,fresh_017,0,12
sonnet_pair_0535,sonnet_pair,manipulated,fresh_017,1,12
sonnet_pair_0536,sonnet_pair,benign_source,fresh_018,0,6
sonnet_pair_0537,sonnet_pair,manipulated,fresh_018,1,6
sonnet_pair_0538,sonnet_pair,benign_source,fresh_019,0,0
sonnet_pair_0539,sonnet_pair,manipulated,fresh_019,1,0
sonnet_pair_0540,sonnet_pair,benign_source,fresh_020,0,7
sonnet_pair_0541,sonnet_pair,manipulated,fresh_020,1,7
sonnet_pair_0542,sonnet_pair,benign_source,fresh_021,0,6
sonnet_pair_0543,sonnet_pair,manipulated,fresh_021,1,6
sonnet_pair_0544,sonnet_pair,benign_source,fresh_022,0,7
sonnet_pair_0545,sonnet_pair,manipulated,fresh_022,1,7
sonnet_pair_0546,sonnet_pair,benign_source,fresh_023,0,7
sonnet_pair_0547,sonnet_pair,manipulated,fresh_023,1,7
sonnet_pair_0548,sonnet_pair,benign_source,fresh_024,0,7
sonnet_pair_0549,sonnet_pair,manipulated,fresh_024,1,7
sonnet_pair_0550,sonnet_pair,benign_source,fresh_025,0,12
sonnet_pair_0551,sonnet_pair,manipulated,fresh_025,1,12
sonnet_pair_0552,sonnet_pair,benign_source,fresh_026,0,12
sonnet_pair_0553,sonnet_pair,manipulated,fresh_026,1,12
sonnet_pair_0554,sonnet_pair,benign_source,fresh_027,0,12
sonnet_pair_0555,sonnet_pair,manipulated,fresh_027,1,12
sonnet_pair_0556,sonnet_pair,benign_source,fresh_028,0,7
sonnet_pair_0557,sonnet_pair,manipulated,fresh_028,1,7
sonnet_pair_0558,sonnet_pair,benign_source,fresh_029,0,15
sonnet_pair_0559,sonnet_pair,manipulated,fresh_029,1,15
sonnet_pair_0560,sonnet_pair,benign_source,fresh_030,0,7
sonnet_pair_0561,sonnet_pair,manipulated,fresh_030,1,7
sonnet_pair_0562,sonnet_pair,benign_source,fresh_031,0,6
sonnet_pair_0563,sonnet_pair,manipulated,fresh_031,1,6
sonnet_pair_0564,sonnet_pair,benign_source,fresh_032,0,12
sonnet_pair_0565,sonnet_pair,manipulated,fresh_032,1,12
sonnet_pair_0566,sonnet_pair,benign_source,fresh_033,0,7
sonnet_pair_0567,sonnet_pair,manipulated,fresh_033,1,7
sonnet_pair_0568,sonnet_pair,benign_source,fresh_034,0,7
sonnet_pair_0569,sonnet_pair,manipulated,fresh_034,1,7
sonnet_pair_0570,sonnet_pair,benign_source,fresh_035,0,16
sonnet_pair_0571,sonnet_pair,manipulated,fresh_035,1,16
sonnet_pair_0572,sonnet_pair,benign_source,fresh_036,0,7
sonnet_pair_0573,sonnet_pair,manipulated,fresh_036,1,7
sonnet_pair_0574,sonnet_pair,benign_source,fresh_037,0,0
sonnet_pair_0575,sonnet_pair,manipulated,fresh_037,1,0
sonnet_pair_0576,sonnet_pair,benign_source,fresh_038,0,10
sonnet_pair_0577,sonnet_pair,manipulated,fresh_038,1,10
sonnet_pair_0578,sonnet_pair,benign_source,fresh_039,0,12
sonnet_pair_0579,sonnet_pair,manipulated,fresh_039,1,12
sonnet_pair_0580,sonnet_pair,benign_source,fresh_040,0,12
sonnet_pair_0581,sonnet_pair,manipulated,fresh_040,1,12
sonnet_pair_0582,sonnet_pair,benign_source,fresh_041,0,12
sonnet_pair_0583,sonnet_pair,manipulated,fresh_041,1,12
sonnet_pair_0584,sonnet_pair,benign_source,fresh_042,0,12
sonnet_pair_0585,sonnet_pair,manipulated,fresh_042,1,12
sonnet_pair_0586,sonnet_pair,benign_source,fresh_043,0,7
sonnet_pair_0587,sonnet_pair,manipulated,fresh_043,1,7
sonnet_pair_0588,sonnet_pair,benign_source,fresh_044,0,7
sonnet_pair_0589,sonnet_pair,manipulated,fresh_044,1,7
sonnet_pair_0590,sonnet_pair,benign_source,fresh_045,0,6
sonnet_pair_0591,sonnet_pair,manipulated,fresh_045,1,6
sonnet_pair_0592,sonnet_pair,benign_source,fresh_046,0,9
sonnet_pair_0593,sonnet_pair,manipulated,fresh_046,1,9
sonnet_pair_0594,sonnet_pair,benign_source,fresh_047,0,12
sonnet_pair_0595,sonnet_pair,manipulated,fresh_047,1,12
sonnet_pair_0596,sonnet_pair,benign_source,fresh_048,0,12
sonnet_pair_0597,sonnet_pair,manipulated,fresh_048,1,12
sonnet_pair_0598,sonnet_pair,benign_source,fresh_049,0,12
sonnet_pair_0599,sonnet_pair,manipulated,fresh_049,1,12
sonnet_pair_0600,sonnet_pair,benign_source,fresh_050,0,7
sonnet_pair_0601,sonnet_pair,manipulated,fresh_050,1,7
sonnet_pair_0602,sonnet_pair,benign_source,fresh_051,0,12
sonnet_pair_0603,sonnet_pair,manipulated,fresh_051,1,12
sonnet_pair_0604,sonnet_pair,benign_source,fresh_052,0,7
sonnet_pair_0605,sonnet_pair,manipulated,fresh_052,1,7
sonnet_pair_0606,sonnet_pair,benign_source,fresh_053,0,16
sonnet_pair_0607,sonnet_pair,manipulated,fresh_053,1,16
sonnet_pair_0608,sonnet_pair,benign_source,fresh_054,0,12
sonnet_pair_0609,sonnet_pair,manipulated,fresh_054,1,12
sonnet_pair_0610,sonnet_pair,benign_source,fresh_055,0,0
sonnet_pair_0611,sonnet_pair,manipulated,fresh_055,1,0
sonnet_pair_0612,sonnet_pair,benign_source,fresh_056,0,7
sonnet_pair_0613,sonnet_pair,manipulated,fresh_056,1,7
sonnet_pair_0614,sonnet_pair,benign_source,fresh_057,0,6
sonnet_pair_0615,sonnet_pair,manipulated,fresh_057,1,6
sonnet_pair_0616,sonnet_pair,benign_source,fresh_058,0,12
sonnet_pair_0617,sonnet_pair,manipulated,fresh_058,1,12
sonnet_pair_0618,sonnet_pair,benign_source,fresh_059,0,6
sonnet_pair_0619,sonnet_pair,manipulated,fresh_059,1,6
sonnet_pair_0620,sonnet_pair,benign_source,fresh_060,0,7
sonnet_pair_0621,sonnet_pair,manipulated,fresh_060,1,7
sonnet_pair_0622,sonnet_pair,benign_source,fresh_061,0,12
sonnet_pair_0623,sonnet_pair,manipulated,fresh_061,1,12
sonnet_pair_0624,sonnet_pair,benign_source,fresh_062,0,6
sonnet_pair_0625,sonnet_pair,manipulated,fresh_062,1,6
sonnet_pair_0626,sonnet_pair,benign_source,fresh_063,0,10
sonnet_pair_0627,sonnet_pair,manipulated,fresh_063,1,10
sonnet_pair_0628,sonnet_pair,benign_source,fresh_064,0,7
sonnet_pair_0629,sonnet_pair,manipulated,fresh_064,1,7
sonnet_pair_0630,sonnet_pair,benign_source,fresh_065,0,12
sonnet_pair_0631,sonnet_pair,manipulated,fresh_065,1,12
sonnet_pair_0632,sonnet_pair,benign_source,fresh_066,0,7
sonnet_pair_0633,sonnet_pair,manipulated,fresh_066,1,7
sonnet_pair_0634,sonnet_pair,benign_source,fresh_067,0,11
sonnet_pair_0635,sonnet_pair,manipulated,fresh_067,1,11
sonnet_pair_0636,sonnet_pair,benign_source,fresh_068,0,12
sonnet_pair_0637,sonnet_pair,manipulated,fresh_068,1,12
sonnet_pair_0638,sonnet_pair,benign_source,fresh_069,0,6
sonnet_pair_0639,sonnet_pair,manipulated,fresh_069,1,6
sonnet_pair_0640,sonnet_pair,benign_source,fresh_070,0,7
sonnet_pair_0641,sonnet_pair,manipulated,fresh_070,1,7
sonnet_pair_0642,sonnet_pair,benign_source,fresh_071,0,6
sonnet_pair_0643,sonnet_pair,manipulated,fresh_071,1,6
sonnet_pair_0644,sonnet_pair,benign_source,fresh_072,0,7
sonnet_pair_0645,sonnet_pair,manipulated,fresh_072,1,7
sonnet_pair_0646,sonnet_pair,benign_source,fresh_073,0,7
sonnet_pair_0647,sonnet_pair,manipulated,fresh_073,1,7
sonnet_pair_0648,sonnet_pair,benign_source,fresh_074,0,6
sonnet_pair_0649,sonnet_pair,manipulated,fresh_074,1,6
sonnet_pair_0650,sonnet_pair,benign_source,fresh_075,0,7
sonnet_pair_0651,sonnet_pair,manipulated,fresh_075,1,7
sonnet_pair_0652,sonnet_pair,benign_source,fresh_076,0,12
sonnet_pair_0653,sonnet_pair,manipulated,fresh_076,1,12
sonnet_pair_0654,sonnet_pair,benign_source,fresh_077,0,12
sonnet_pair_0655,sonnet_pair,manipulated,fresh_077,1,12
sonnet_pair_0656,sonnet_pair,benign_source,fresh_078,0,6
sonnet_pair_0657,sonnet_pair,manipulated,fresh_078,1,6
sonnet_pair_0658,sonnet_pair,benign_source,fresh_079,0,12
sonnet_pair_0659,sonnet_pair,manipulated,fresh_079,1,12
single_edit_pair_0660,single_edit_pair,benign_source,se_0000,0,7
single_edit_pair_0661,single_edit_pair,word:Extract,se_0000,1,7
single_edit_pair_0662,single_edit_pair,benign_source,se_0001,0,7
single_edit_pair_0663,single_edit_pair,word:weapons,se_0001,1,7
single_edit_pair_0664,single_edit_pair,benign_source,se_0002,0,7
single_edit_pair_0665,single_edit_pair,word:weaponize,se_0002,1,7
single_edit_pair_0666,single_edit_pair,benign_source,se_0003,0,7
single_edit_pair_0667,single_edit_pair,word:threat,se_0003,1,7
single_edit_pair_0668,single_edit_pair,benign_source,se_0004,0,7
single_edit_pair_0669,single_edit_pair,word:exploited,se_0004,1,7
single_edit_pair_0670,single_edit_pair,benign_source,se_0005,0,7
single_edit_pair_0671,single_edit_pair,word:targeted,se_0005,1,7
single_edit_pair_0672,single_edit_pair,benign_source,se_0006,0,0
single_edit_pair_0673,single_edit_pair,word:Expose,se_0006,1,0
single_edit_pair_0674,single_edit_pair,benign_source,se_0007,0,0
single_edit_pair_0675,single_edit_pair,word:notoriously,se_0007,1,0
single_edit_pair_0676,single_edit_pair,benign_source,se_0008,0,0
single_edit_pair_0677,single_edit_pair,word:weaponized,se_0008,1,0
single_edit_pair_0678,single_edit_pair,benign_source,se_0009,0,0
single_edit_pair_0679,single_edit_pair,word:toxin,se_0009,1,0
single_edit_pair_0680,single_edit_pair,benign_source,se_0010,0,0
single_edit_pair_0681,single_edit_pair,word:poisoning,se_0010,1,0
single_edit_pair_0682,single_edit_pair,benign_source,se_0011,0,0
single_edit_pair_0683,single_edit_pair,word:Extract,se_0011,1,0
single_edit_pair_0684,single_edit_pair,benign_source,se_0012,0,12
single_edit_pair_0685,single_edit_pair,word:Inject,se_0012,1,12
single_edit_pair_0686,single_edit_pair,benign_source,se_0013,0,12
single_edit_pair_0687,single_edit_pair,word:explosive,se_0013,1,12
single_edit_pair_0688,single_edit_pair,benign_source,se_0014,0,12
single_edit_pair_0689,single_edit_pair,word:trigger,se_0014,1,12
single_edit_pair_0690,single_edit_pair,benign_source,se_0015,0,12
single_edit_pair_0691,single_edit_pair,word:suspicious,se_0015,1,12
single_edit_pair_0692,single_edit_pair,benign_source,se_0016,0,12
single_edit_pair_0693,single_edit_pair,word:threat,se_0016,1,12
single_edit_pair_0694,single_edit_pair,benign_source,se_0017,0,12
single_edit_pair_0695,single_edit_pair,word:conspire,se_0017,1,12
single_edit_pair_0696,single_edit_pair,benign_source,se_0018,0,7
single_edit_pair_0697,single_edit_pair,word:Exfiltrate,se_0018,1,7
single_edit_pair_0698,single_edit_pair,benign_source,se_0019,0,7
single_edit_pair_0699,single_edit_pair,word:weaponized,se_0019,1,7
single_edit_pair_0700,single_edit_pair,benign_source,se_0020,0,7
single_edit_pair_0701,single_edit_pair,word:lethal,se_0020,1,7
single_edit_pair_0702,single_edit_pair,benign_source,se_0021,0,7
single_edit_pair_0703,single_edit_pair,word:threat,se_0021,1,7
single_edit_pair_0704,single_edit_pair,benign_source,se_0022,0,7
single_edit_pair_0705,single_edit_pair,word:hazardous,se_0022,1,7
single_edit_pair_0706,single_edit_pair,benign_source,se_0023,0,7
single_edit_pair_0707,single_edit_pair,word:casualties,se_0023,1,7
single_edit_pair_0708,single_edit_pair,benign_source,se_0024,0,12
single_edit_pair_0709,single_edit_pair,word:manifesto,se_0024,1,12
single_edit_pair_0710,single_edit_pair,benign_source,se_0025,0,12
single_edit_pair_0711,single_edit_pair,word:cells,se_0025,1,12
single_edit_pair_0712,single_edit_pair,benign_source,se_0026,0,12
single_edit_pair_0713,single_edit_pair,word:primary,se_0026,1,12
single_edit_pair_0714,single_edit_pair,benign_source,se_0027,0,12
single_edit_pair_0715,single_edit_pair,word:covert,se_0027,1,12
single_edit_pair_0716,single_edit_pair,benign_source,se_0028,0,12
single_edit_pair_0717,single_edit_pair,word:fatally,se_0028,1,12
single_edit_pair_0718,single_edit_pair,benign_source,se_0029,0,12
single_edit_pair_0719,single_edit_pair,word:harbor,se_0029,1,12
single_edit_pair_0720,single_edit_pair,benign_source,se_0030,0,8
single_edit_pair_0721,single_edit_pair,word:fortify,se_0030,1,8
single_edit_pair_0722,single_edit_pair,benign_source,se_0031,0,8
single_edit_pair_0723,single_edit_pair,word:impenetrable,se_0031,1,8
single_edit_pair_0724,single_edit_pair,benign_source,se_0032,0,8
single_edit_pair_0725,single_edit_pair,word:system,se_0032,1,8
single_edit_pair_0726,single_edit_pair,benign_source,se_0033,0,8
single_edit_pair_0727,single_edit_pair,word:Divulge,se_0033,1,8
single_edit_pair_0728,single_edit_pair,benign_source,se_0034,0,8
single_edit_pair_0729,single_edit_pair,word:tactics,se_0034,1,8
single_edit_pair_0730,single_edit_pair,benign_source,se_0035,0,8
single_edit_pair_0731,single_edit_pair,word:must,se_0035,1,8
single_edit_pair_0732,single_edit_pair,benign_source,se_0036,0,12
single_edit_pair_0733,single_edit_pair,word:Extract,se_0036,1,12
single_edit_pair_0734,single_edit_pair,benign_source,se_0037,0,12
single_edit_pair_0735,single_edit_pair,word:manifesto,se_0037,1,12
single_edit_pair_0736,single_edit_pair,benign_source,se_0038,0,12
single_edit_pair_0737,single_edit_pair,word:lethal,se_0038,1,12
single_edit_pair_0738,single_edit_pair,benign_source,se_0039,0,12
single_edit_pair_0739,single_edit_pair,word:weapon,se_0039,1,12
single_edit_pair_0740,single_edit_pair,benign_source,se_0040,0,12
single_edit_pair_0741,single_edit_pair,word:classified,se_0040,1,12
single_edit_pair_0742,single_edit_pair,benign_source,se_0041,0,12
single_edit_pair_0743,single_edit_pair,word:predator,se_0041,1,12
single_edit_pair_0744,single_edit_pair,benign_source,se_0042,0,16
single_edit_pair_0745,single_edit_pair,word:regime's,se_0042,1,16
single_edit_pair_0746,single_edit_pair,benign_source,se_0043,0,16
single_edit_pair_0747,single_edit_pair,word:warlord,se_0043,1,16
single_edit_pair_0748,single_edit_pair,benign_source,se_0044,0,16
single_edit_pair_0749,single_edit_pair,word:final,se_0044,1,16
single_edit_pair_0750,single_edit_pair,benign_source,se_0045,0,16
single_edit_pair_0751,single_edit_pair,word:reign,se_0045,1,16
single_edit_pair_0752,single_edit_pair,benign_source,se_0046,0,16
single_edit_pair_0753,single_edit_pair,word:regime,se_0046,1,16
single_edit_pair_0754,single_edit_pair,benign_source,se_0047,0,16
single_edit_pair_0755,single_edit_pair,word:single,se_0047,1,16
single_edit_pair_0756,single_edit_pair,benign_source,se_0048,0,12
single_edit_pair_0757,single_edit_pair,word:Inject,se_0048,1,12
single_edit_pair_0758,single_edit_pair,benign_source,se_0049,0,12
single_edit_pair_0759,single_edit_pair,word:torturous,se_0049,1,12
single_edit_pair_0760,single_edit_pair,benign_source,se_0050,0,12
single_edit_pair_0761,single_edit_pair,word:deadly,se_0050,1,12
single_edit_pair_0762,single_edit_pair,benign_source,se_0051,0,12
single_edit_pair_0763,single_edit_pair,word:weapon,se_0051,1,12
single_edit_pair_0764,single_edit_pair,benign_source,se_0052,0,12
single_edit_pair_0765,single_edit_pair,word:threat,se_0052,1,12
single_edit_pair_0766,single_edit_pair,benign_source,se_0053,0,0
single_edit_pair_0767,single_edit_pair,word:Extract,se_0053,1,0
single_edit_pair_0768,single_edit_pair,benign_source,se_0054,0,0
single_edit_pair_0769,single_edit_pair,word:scheme,se_0054,1,0
single_edit_pair_0770,single_edit_pair,benign_source,se_0055,0,0
single_edit_pair_0771,single_edit_pair,word:weaponizing,se_0055,1,0
single_edit_pair_0772,single_edit_pair,benign_source,se_0056,0,0
single_edit_pair_0773,single_edit_pair,word:contraband,se_0056,1,0
single_edit_pair_0774,single_edit_pair,benign_source,se_0057,0,0
single_edit_pair_0775,single_edit_pair,word:detonation,se_0057,1,0
single_edit_pair_0776,single_edit_pair,benign_source,se_0058,0,0
single_edit_pair_0777,single_edit_pair,word:exploit,se_0058,1,0
single_edit_pair_0778,single_edit_pair,benign_source,se_0059,0,10
single_edit_pair_0779,single_edit_pair,word:sabotages,se_0059,1,10
single_edit_pair_0780,single_edit_pair,benign_source,se_0060,0,10
single_edit_pair_0781,single_edit_pair,word:covertly,se_0060,1,10
single_edit_pair_0782,single_edit_pair,benign_source,se_0061,0,10
single_edit_pair_0783,single_edit_pair,word:infiltrator,se_0061,1,10
single_edit_pair_0784,single_edit_pair,benign_source,se_0062,0,10
single_edit_pair_0785,single_edit_pair,word:catastrophic,se_0062,1,10
single_edit_pair_0786,single_edit_pair,benign_source,se_0063,0,10
single_edit_pair_0787,single_edit_pair,word:expose,se_0063,1,10
single_edit_pair_0788,single_edit_pair,benign_source,se_0064,0,10
single_edit_pair_0789,single_edit_pair,word:atrocity,se_0064,1,10
single_edit_pair_0790,single_edit_pair,benign_source,se_0065,0,7
single_edit_pair_0791,single_edit_pair,word:Exfiltrate,se_0065,1,7
single_edit_pair_0792,single_edit_pair,benign_source,se_0066,0,7
single_edit_pair_0793,single_edit_pair,word:arsenal,se_0066,1,7
single_edit_pair_0794,single_edit_pair,benign_source,se_0067,0,7
single_edit_pair_0795,single_edit_pair,word:weaponized,se_0067,1,7
single_edit_pair_0796,single_edit_pair,benign_source,se_0068,0,7
single_edit_pair_0797,single_edit_pair,word:sleeper-cells,se_0068,1,7
single_edit_pair_0798,single_edit_pair,benign_source,se_0069,0,7
single_edit_pair_0799,single_edit_pair,word:Infiltrate,se_0069,1,7
single_edit_pair_0800,single_edit_pair,benign_source,se_0070,0,7
single_edit_pair_0801,single_edit_pair,word:conspiracy,se_0070,1,7
single_edit_pair_0802,single_edit_pair,benign_source,se_0071,0,12
single_edit_pair_0803,single_edit_pair,word:Extract,se_0071,1,12
single_edit_pair_0804,single_edit_pair,benign_source,se_0072,0,12
single_edit_pair_0805,single_edit_pair,word:codeword,se_0072,1,12
single_edit_pair_0806,single_edit_pair,benign_source,se_0073,0,12
single_edit_pair_0807,single_edit_pair,word:targeting,se_0073,1,12
single_edit_pair_0808,single_edit_pair,benign_source,se_0074,0,12
single_edit_pair_0809,single_edit_pair,word:the,se_0074,1,12
single_edit_pair_0810,single_edit_pair,benign_source,se_0075,0,12
single_edit_pair_0811,single_edit_pair,word:Engineer,se_0075,1,12
single_edit_pair_0812,single_edit_pair,benign_source,se_0076,0,12
single_edit_pair_0813,single_edit_pair,word:manifesto,se_0076,1,12
single_edit_pair_0814,single_edit_pair,benign_source,se_0077,0,12
single_edit_pair_0815,single_edit_pair,word:operation,se_0077,1,12
single_edit_pair_0816,single_edit_pair,benign_source,se_0078,0,12
single_edit_pair_0817,single_edit_pair,word:covert,se_0078,1,12
single_edit_pair_0818,single_edit_pair,benign_source,se_0079,0,12
single_edit_pair_0819,single_edit_pair,word:Infiltrate,se_0079,1,12
single_edit_pair_0820,single_edit_pair,benign_source,se_0080,0,12
single_edit_pair_0821,single_edit_pair,word:Exfiltrate,se_0080,1,12
single_edit_pair_0822,single_edit_pair,benign_source,se_0081,0,12
single_edit_pair_0823,single_edit_pair,word:Weaponize,se_0081,1,12
single_edit_pair_0824,single_edit_pair,benign_source,se_0082,0,12
single_edit_pair_0825,single_edit_pair,word:menacing,se_0082,1,12
single_edit_pair_0826,single_edit_pair,benign_source,se_0083,0,12
single_edit_pair_0827,single_edit_pair,word:manifesto,se_0083,1,12
single_edit_pair_0828,single_edit_pair,benign_source,se_0084,0,12
single_edit_pair_0829,single_edit_pair,word:annihilation,se_0084,1,12
single_edit_pair_0830,single_edit_pair,benign_source,se_0085,0,12
single_edit_pair_0831,single_edit_pair,word:exploiting,se_0085,1,12
single_edit_pair_0832,single_edit_pair,benign_source,se_0086,0,12
single_edit_pair_0833,single_edit_pair,word:lethal,se_0086,1,12
single_edit_pair_0834,single_edit_pair,benign_source,se_0087,0,12
single_edit_pair_0835,single_edit_pair,word:exfiltrate,se_0087,1,12
single_edit_pair_0836,single_edit_pair,benign_source,se_0088,0,12
single_edit_pair_0837,single_edit_pair,word:operation,se_0088,1,12
single_edit_pair_0838,single_edit_pair,benign_source,se_0089,0,12
single_edit_pair_0839,single_edit_pair,word:exterminated,se_0089,1,12
single_edit_pair_0840,single_edit_pair,benign_source,se_0090,0,12
single_edit_pair_0841,single_edit_pair,word:siege,se_0090,1,12
single_edit_pair_0842,single_edit_pair,benign_source,se_0091,0,12
single_edit_pair_0843,single_edit_pair,word:conspire,se_0091,1,12
single_edit_pair_0844,single_edit_pair,benign_source,se_0092,0,12
single_edit_pair_0845,single_edit_pair,word:kill,se_0092,1,12
single_edit_pair_0846,single_edit_pair,benign_source,se_0093,0,12
single_edit_pair_0847,single_edit_pair,word:suppress,se_0093,1,12
single_edit_pair_0848,single_edit_pair,benign_source,se_0094,0,12
single_edit_pair_0849,single_edit_pair,word:terrors,se_0094,1,12
single_edit_pair_0850,single_edit_pair,benign_source,se_0095,0,12
single_edit_pair_0851,single_edit_pair,word:Eradicate,se_0095,1,12
single_edit_pair_0852,single_edit_pair,benign_source,se_0096,0,12
single_edit_pair_0853,single_edit_pair,word:weapon,se_0096,1,12
single_edit_pair_0854,single_edit_pair,benign_source,se_0097,0,12
single_edit_pair_0855,single_edit_pair,word:trigger,se_0097,1,12
single_edit_pair_0856,single_edit_pair,benign_source,se_0098,0,12
single_edit_pair_0857,single_edit_pair,word:refuse,se_0098,1,12
single_edit_pair_0858,single_edit_pair,benign_source,se_0099,0,6
single_edit_pair_0859,single_edit_pair,word:Exploit,se_0099,1,6
single_edit_pair_0860,single_edit_pair,benign_source,se_0100,0,6
single_edit_pair_0861,single_edit_pair,word:sinister,se_0100,1,6
single_edit_pair_0862,single_edit_pair,benign_source,se_0101,0,6
single_edit_pair_0863,single_edit_pair,word:scheme,se_0101,1,6
single_edit_pair_0864,single_edit_pair,benign_source,se_0102,0,6
single_edit_pair_0865,single_edit_pair,word:weaponized,se_0102,1,6
single_edit_pair_0866,single_edit_pair,benign_source,se_0103,0,6
single_edit_pair_0867,single_edit_pair,word:manipulate,se_0103,1,6
single_edit_pair_0868,single_edit_pair,benign_source,se_0104,0,6
single_edit_pair_0869,single_edit_pair,word:conspiracy,se_0104,1,6
single_edit_pair_0870,single_edit_pair,benign_source,se_0105,0,12
single_edit_pair_0871,single_edit_pair,word:predators,se_0105,1,12
single_edit_pair_0872,single_edit_pair,benign_source,se_0106,0,12
single_edit_pair_0873,single_edit_pair,word:stalks,se_0106,1,12
single_edit_pair_0874,single_edit_pair,benign_source,se_0107,0,12
single_edit_pair_0875,single_edit_pair,word:violently,se_0107,1,12
single_edit_pair_0876,single_edit_pair,benign_source,se_0108,0,12
single_edit_pair_0877,single_edit_pair,word:compulsively,se_0108,1,12
single_edit_pair_0878,single_edit_pair,benign_source,se_0109,0,12
single_edit_pair_0879,single_edit_pair,word:smuggled,se_0109,1,12
single_edit_pair_0880,single_edit_pair,benign_source,se_0110,0,12
single_edit_pair_0881,single_edit_pair,word:Extract,se_0110,1,12
single_edit_pair_0882,single_edit_pair,benign_source,se_0111,0,12
single_edit_pair_0883,single_edit_pair,word:propaganda,se_0111,1,12
single_edit_pair_0884,single_edit_pair,benign_source,se_0112,0,12
single_edit_pair_0885,single_edit_pair,word:infiltration,se_0112,1,12
single_edit_pair_0886,single_edit_pair,benign_source,se_0113,0,12
single_edit_pair_0887,single_edit_pair,word:exploit,se_0113,1,12
single_edit_pair_0888,single_edit_pair,benign_source,se_0114,0,12
single_edit_pair_0889,single_edit_pair,word:conceals,se_0114,1,12
single_edit_pair_0890,single_edit_pair,benign_source,se_0115,0,12
single_edit_pair_0891,single_edit_pair,word:scheme,se_0115,1,12
single_edit_pair_0892,single_edit_pair,benign_source,se_0116,0,7
single_edit_pair_0893,single_edit_pair,word:weaponize,se_0116,1,7
single_edit_pair_0894,single_edit_pair,benign_source,se_0117,0,7
single_edit_pair_0895,single_edit_pair,word:Infiltrate,se_0117,1,7
single_edit_pair_0896,single_edit_pair,benign_source,se_0118,0,7
single_edit_pair_0897,single_edit_pair,word:payload,se_0118,1,7
single_edit_pair_0898,single_edit_pair,benign_source,se_0119,0,7
single_edit_pair_0899,single_edit_pair,word:vulnerabilities,se_0119,1,7
single_edit_pair_0900,single_edit_pair,benign_source,se_0120,0,7
single_edit_pair_0901,single_edit_pair,word:Exterminate,se_0120,1,7
single_edit_pair_0902,single_edit_pair,benign_source,se_0121,0,12
single_edit_pair_0903,single_edit_pair,word:ruthless,se_0121,1,12
single_edit_pair_0904,single_edit_pair,benign_source,se_0122,0,12
single_edit_pair_0905,single_edit_pair,word:rampage,se_0122,1,12
single_edit_pair_0906,single_edit_pair,benign_source,se_0123,0,12
single_edit_pair_0907,single_edit_pair,word:annihilate,se_0123,1,12
single_edit_pair_0908,single_edit_pair,benign_source,se_0124,0,12
single_edit_pair_0909,single_edit_pair,word:sinister,se_0124,1,12
single_edit_pair_0910,single_edit_pair,benign_source,se_0125,0,12
single_edit_pair_0911,single_edit_pair,word:assassin,se_0125,1,12
single_edit_pair_0912,single_edit_pair,benign_source,se_0126,0,12
single_edit_pair_0913,single_edit_pair,word:Infiltrate,se_0126,1,12
single_edit_pair_0914,single_edit_pair,benign_source,se_0127,0,7
single_edit_pair_0915,single_edit_pair,word:Weaponize,se_0127,1,7
single_edit_pair_0916,single_edit_pair,benign_source,se_0128,0,7
single_edit_pair_0917,single_edit_pair,word:scheme,se_0128,1,7
single_edit_pair_0918,single_edit_pair,benign_source,se_0129,0,7
single_edit_pair_0919,single_edit_pair,word:infiltrated,se_0129,1,7
single_edit_pair_0920,single_edit_pair,benign_source,se_0130,0,7
single_edit_pair_0921,single_edit_pair,word:covert,se_0130,1,7
single_edit_pair_0922,single_edit_pair,benign_source,se_0131,0,7
single_edit_pair_0923,single_edit_pair,word:indoctrination,se_0131,1,7
single_edit_pair_0924,single_edit_pair,benign_source,se_0132,0,7
single_edit_pair_0925,single_edit_pair,word:Exfiltrate,se_0132,1,7
single_edit_pair_0926,single_edit_pair,benign_source,se_0133,0,7
single_edit_pair_0927,single_edit_pair,word:Weaponize,se_0133,1,7
single_edit_pair_0928,single_edit_pair,benign_source,se_0134,0,7
single_edit_pair_0929,single_edit_pair,word:hijacked,se_0134,1,7
single_edit_pair_0930,single_edit_pair,benign_source,se_0135,0,7
single_edit_pair_0931,single_edit_pair,word:threat,se_0135,1,7
single_edit_pair_0932,single_edit_pair,benign_source,se_0136,0,7
single_edit_pair_0933,single_edit_pair,word:covert,se_0136,1,7
single_edit_pair_0934,single_edit_pair,benign_source,se_0137,0,7
single_edit_pair_0935,single_edit_pair,word:warhead,se_0137,1,7
single_edit_pair_0936,single_edit_pair,benign_source,se_0138,0,7
single_edit_pair_0937,single_edit_pair,word:Detonate,se_0138,1,7
single_edit_pair_0938,single_edit_pair,benign_source,se_0139,0,7
single_edit_pair_0939,single_edit_pair,word:Hunt,se_0139,1,7
single_edit_pair_0940,single_edit_pair,benign_source,se_0140,0,7
single_edit_pair_0941,single_edit_pair,word:exploit,se_0140,1,7
single_edit_pair_0942,single_edit_pair,benign_source,se_0141,0,7
single_edit_pair_0943,single_edit_pair,word:weapon,se_0141,1,7
single_edit_pair_0944,single_edit_pair,benign_source,se_0142,0,7
single_edit_pair_0945,single_edit_pair,word:killer,se_0142,1,7
single_edit_pair_0946,single_edit_pair,benign_source,se_0143,0,7
single_edit_pair_0947,single_edit_pair,word:infiltration,se_0143,1,7
single_edit_pair_0948,single_edit_pair,benign_source,se_0144,0,7
single_edit_pair_0949,single_edit_pair,word:Extract,se_0144,1,7
single_edit_pair_0950,single_edit_pair,benign_source,se_0145,0,10
single_edit_pair_0951,single_edit_pair,word:Fabricate,se_0145,1,10
single_edit_pair_0952,single_edit_pair,benign_source,se_0146,0,10
single_edit_pair_0953,single_edit_pair,word:distortion,se_0146,1,10
single_edit_pair_0954,single_edit_pair,benign_source,se_0147,0,10
single_edit_pair_0955,single_edit_pair,word:concocting,se_0147,1,10
single_edit_pair_0956,single_edit_pair,benign_source,se_0148,0,10
single_edit_pair_0957,single_edit_pair,word:menacing,se_0148,1,10
single_edit_pair_0958,single_edit_pair,benign_source,se_0149,0,10
single_edit_pair_0959,single_edit_pair,word:rigged,se_0149,1,10
single_edit_pair_0960,single_edit_pair,benign_source,se_0150,0,12
single_edit_pair_0961,single_edit_pair,word:Exterminate,se_0150,1,12
single_edit_pair_0962,single_edit_pair,benign_source,se_0151,0,12
single_edit_pair_0963,single_edit_pair,word:Eliminate,se_0151,1,12
single_edit_pair_0964,single_edit_pair,benign_source,se_0152,0,12
single_edit_pair_0965,single_edit_pair,word:weaponized,se_0152,1,12
single_edit_pair_0966,single_edit_pair,benign_source,se_0153,0,12
single_edit_pair_0967,single_edit_pair,word:weapon,se_0153,1,12
single_edit_pair_0968,single_edit_pair,benign_source,se_0154,0,12
single_edit_pair_0969,single_edit_pair,word:lethal,se_0154,1,12
single_edit_pair_0970,single_edit_pair,benign_source,se_0155,0,12
single_edit_pair_0971,single_edit_pair,word:compromised,se_0155,1,12
single_edit_pair_0972,single_edit_pair,benign_source,se_0156,0,12
single_edit_pair_0973,single_edit_pair,word:Detonate,se_0156,1,12
single_edit_pair_0974,single_edit_pair,benign_source,se_0157,0,12
single_edit_pair_0975,single_edit_pair,word:manifesto,se_0157,1,12
single_edit_pair_0976,single_edit_pair,benign_source,se_0158,0,12
single_edit_pair_0977,single_edit_pair,word:screed,se_0158,1,12
single_edit_pair_0978,single_edit_pair,benign_source,se_0159,0,12
single_edit_pair_0979,single_edit_pair,word:infiltrating,se_0159,1,12
single_edit_pair_0980,single_edit_pair,benign_source,se_0160,0,12
single_edit_pair_0981,single_edit_pair,word:propaganda,se_0160,1,12
single_edit_pair_0982,single_edit_pair,benign_source,se_0161,0,12
single_edit_pair_0983,single_edit_pair,word:Unleash,se_0161,1,12
single_edit_pair_0984,single_edit_pair,benign_source,se_0162,0,6
single_edit_pair_0985,single_edit_pair,word:Weaponize,se_0162,1,6
single_edit_pair_0986,single_edit_pair,benign_source,se_0163,0,6
single_edit_pair_0987,single_edit_pair,word:attack,se_0163,1,6
single_edit_pair_0988,single_edit_pair,benign_source,se_0164,0,6
single_edit_pair_0989,single_edit_pair,word:triggers,se_0164,1,6
single_edit_pair_0990,single_edit_pair,benign_source,se_0165,0,6
single_edit_pair_0991,single_edit_pair,word:casualties,se_0165,1,6
single_edit_pair_0992,single_edit_pair,benign_source,se_0166,0,6
single_edit_pair_0993,single_edit_pair,word:Apocalyptic,se_0166,1,6
single_edit_pair_0994,single_edit_pair,benign_source,se_0167,0,6
single_edit_pair_0995,single_edit_pair,word:Massacre,se_0167,1,6
single_edit_pair_0996,single_edit_pair,benign_source,se_0168,0,12
single_edit_pair_0997,single_edit_pair,word:Weaponize,se_0168,1,12
single_edit_pair_0998,single_edit_pair,benign_source,se_0169,0,12
single_edit_pair_0999,single_edit_pair,word:confess,se_0169,1,12
single_edit_pair_1000,single_edit_pair,benign_source,se_0170,0,12
single_edit_pair_1001,single_edit_pair,word:menace,se_0170,1,12
single_edit_pair_1002,single_edit_pair,benign_source,se_0171,0,12
single_edit_pair_1003,single_edit_pair,word:volatile,se_0171,1,12
single_edit_pair_1004,single_edit_pair,benign_source,se_0172,0,12
single_edit_pair_1005,single_edit_pair,word:intelligence,se_0172,1,12
single_edit_pair_1006,single_edit_pair,benign_source,se_0173,0,12
single_edit_pair_1007,single_edit_pair,word:explosive,se_0173,1,12
single_edit_pair_1008,single_edit_pair,benign_source,se_0174,0,6
single_edit_pair_1009,single_edit_pair,word:atrocities,se_0174,1,6
single_edit_pair_1010,single_edit_pair,benign_source,se_0175,0,6
single_edit_pair_1011,single_edit_pair,word:weaponized,se_0175,1,6
single_edit_pair_1012,single_edit_pair,benign_source,se_0176,0,6
single_edit_pair_1013,single_edit_pair,word:exploitation,se_0176,1,6
single_edit_pair_1014,single_edit_pair,benign_source,se_0177,0,6
single_edit_pair_1015,single_edit_pair,word:bioweapon,se_0177,1,6
single_edit_pair_1016,single_edit_pair,benign_source,se_0178,0,6
single_edit_pair_1017,single_edit_pair,word:manipulation,se_0178,1,6
single_edit_pair_1018,single_edit_pair,benign_source,se_0179,0,6
single_edit_pair_1019,single_edit_pair,word:Expose,se_0179,1,6
single_edit_pair_1020,single_edit_pair,benign_source,se_0180,0,6
single_edit_pair_1021,single_edit_pair,word:dominant,se_0180,1,6
single_edit_pair_1022,single_edit_pair,benign_source,se_0181,0,6
single_edit_pair_1023,single_edit_pair,word:weapon,se_0181,1,6
single_edit_pair_1024,single_edit_pair,benign_source,se_0182,0,6
single_edit_pair_1025,single_edit_pair,word:detonated,se_0182,1,6
single_edit_pair_1026,single_edit_pair,benign_source,se_0183,0,6
single_edit_pair_1027,single_edit_pair,word:regime,se_0183,1,6
single_edit_pair_1028,single_edit_pair,benign_source,se_0184,0,6
single_edit_pair_1029,single_edit_pair,word:deadliest,se_0184,1,6
single_edit_pair_1030,single_edit_pair,benign_source,se_0185,0,6
single_edit_pair_1031,single_edit_pair,word:apocalyptic,se_0185,1,6
single_edit_pair_1032,single_edit_pair,benign_source,se_0186,0,6
single_edit_pair_1033,single_edit_pair,word:Weaponize,se_0186,1,6
single_edit_pair_1034,single_edit_pair,benign_source,se_0187,0,6
single_edit_pair_1035,single_edit_pair,word:manifesto,se_0187,1,6
single_edit_pair_1036,single_edit_pair,benign_source,se_0188,0,6
single_edit_pair_1037,single_edit_pair,word:Contaminated,se_0188,1,6
single_edit_pair_1038,single_edit_pair,benign_source,se_0189,0,6
single_edit_pair_1039,single_edit_pair,word:deadlier,se_0189,1,6
single_edit_pair_1040,single_edit_pair,benign_source,se_0190,0,6
single_edit_pair_1041,single_edit_pair,word:poison,se_0190,1,6
single_edit_pair_1042,single_edit_pair,benign_source,se_0191,0,6
single_edit_pair_1043,single_edit_pair,word:toxic,se_0191,1,6
single_edit_pair_1044,single_edit_pair,benign_source,se_0192,0,7
single_edit_pair_1045,single_edit_pair,word:Fabricate,se_0192,1,7
single_edit_pair_1046,single_edit_pair,benign_source,se_0193,0,7
single_edit_pair_1047,single_edit_pair,word:payloads,se_0193,1,7
single_edit_pair_1048,single_edit_pair,benign_source,se_0194,0,7
single_edit_pair_1049,single_edit_pair,word:weapon,se_0194,1,7
single_edit_pair_1050,single_edit_pair,benign_source,se_0195,0,7
single_edit_pair_1051,single_edit_pair,word:smuggled,se_0195,1,7
single_edit_pair_1052,single_edit_pair,benign_source,se_0196,0,7
single_edit_pair_1053,single_edit_pair,word:lethal,se_0196,1,7
single_edit_pair_1054,single_edit_pair,benign_source,se_0197,0,7
single_edit_pair_1055,single_edit_pair,word:Engineer,se_0197,1,7
single_edit_pair_1056,single_edit_pair,benign_source,se_0198,0,7
single_edit_pair_1057,single_edit_pair,word:Rig,se_0198,1,7
single_edit_pair_1058,single_edit_pair,benign_source,se_0199,0,7
single_edit_pair_1059,single_edit_pair,word:Fabricate,se_0199,1,7
single_edit_pair_1060,single_edit_pair,benign_source,se_0200,0,7
single_edit_pair_1061,single_edit_pair,word:manipulation,se_0200,1,7
single_edit_pair_1062,single_edit_pair,benign_source,se_0201,0,7
single_edit_pair_1063,single_edit_pair,word:targeting,se_0201,1,7
single_edit_pair_1064,single_edit_pair,benign_source,se_0202,0,7
single_edit_pair_1065,single_edit_pair,word:weapon,se_0202,1,7
single_edit_pair_1066,single_edit_pair,benign_source,se_0203,0,6
single_edit_pair_1067,single_edit_pair,word:devastation,se_0203,1,6
single_edit_pair_1068,single_edit_pair,benign_source,se_0204,0,6
single_edit_pair_1069,single_edit_pair,word:retaliated,se_0204,1,6
single_edit_pair_1070,single_edit_pair,benign_source,se_0205,0,6
single_edit_pair_1071,single_edit_pair,word:propaganda,se_0205,1,6
single_edit_pair_1072,single_edit_pair,benign_source,se_0206,0,6
single_edit_pair_1073,single_edit_pair,word:subversive,se_0206,1,6
single_edit_pair_1074,single_edit_pair,benign_source,se_0207,0,6
single_edit_pair_1075,single_edit_pair,word:regime,se_0207,1,6
single_edit_pair_1076,single_edit_pair,benign_source,se_0208,0,0
single_edit_pair_1077,single_edit_pair,word:mandates,se_0208,1,0
single_edit_pair_1078,single_edit_pair,benign_source,se_0209,0,0
single_edit_pair_1079,single_edit_pair,word:engineering,se_0209,1,0
single_edit_pair_1080,single_edit_pair,benign_source,se_0210,0,0
single_edit_pair_1081,single_edit_pair,word:lethal,se_0210,1,0
single_edit_pair_1082,single_edit_pair,benign_source,se_0211,0,0
single_edit_pair_1083,single_edit_pair,word:weapon,se_0211,1,0
single_edit_pair_1084,single_edit_pair,benign_source,se_0212,0,0
single_edit_pair_1085,single_edit_pair,word:Scheme,se_0212,1,0
single_edit_pair_1086,single_edit_pair,benign_source,se_0213,0,0
single_edit_pair_1087,single_edit_pair,word:conspire,se_0213,1,0
single_edit_pair_1088,single_edit_pair,benign_source,se_0214,0,6
single_edit_pair_1089,single_edit_pair,word:Engineer,se_0214,1,6
single_edit_pair_1090,single_edit_pair,benign_source,se_0215,0,6
single_edit_pair_1091,single_edit_pair,word:exploit,se_0215,1,6
single_edit_pair_1092,single_edit_pair,benign_source,se_0216,0,6
single_edit_pair_1093,single_edit_pair,word:vulnerability,se_0216,1,6
single_edit_pair_1094,single_edit_pair,benign_source,se_0217,0,6
single_edit_pair_1095,single_edit_pair,word:weaponized,se_0217,1,6
single_edit_pair_1096,single_edit_pair,benign_source,se_0218,0,6
single_edit_pair_1097,single_edit_pair,word:interrogation,se_0218,1,6
single_edit_pair_1098,single_edit_pair,benign_source,se_0219,0,6
single_edit_pair_1099,single_edit_pair,word:system,se_0219,1,6
single_edit_pair_1100,single_edit_pair,benign_source,se_0220,0,0
single_edit_pair_1101,single_edit_pair,word:Interrogate,se_0220,1,0
single_edit_pair_1102,single_edit_pair,benign_source,se_0221,0,0
single_edit_pair_1103,single_edit_pair,word:exploit,se_0221,1,0
single_edit_pair_1104,single_edit_pair,benign_source,se_0222,0,0
single_edit_pair_1105,single_edit_pair,word:weaponized,se_0222,1,0
single_edit_pair_1106,single_edit_pair,benign_source,se_0223,0,0
single_edit_pair_1107,single_edit_pair,word:suspicious,se_0223,1,0
single_edit_pair_1108,single_edit_pair,benign_source,se_0224,0,0
single_edit_pair_1109,single_edit_pair,word:contraband,se_0224,1,0
single_edit_pair_1110,single_edit_pair,benign_source,se_0225,0,0
single_edit_pair_1111,single_edit_pair,word:surveillance,se_0225,1,0
single_edit_pair_1112,single_edit_pair,benign_source,se_0226,0,6
single_edit_pair_1113,single_edit_pair,word:Manufacture,se_0226,1,6
single_edit_pair_1114,single_edit_pair,benign_source,se_0227,0,6
single_edit_pair_1115,single_edit_pair,word:weaponized,se_0227,1,6
single_edit_pair_1116,single_edit_pair,benign_source,se_0228,0,6
single_edit_pair_1117,single_edit_pair,word:propaganda,se_0228,1,6
single_edit_pair_1118,single_edit_pair,benign_source,se_0229,0,6
single_edit_pair_1119,single_edit_pair,word:catastrophic,se_0229,1,6
single_edit_pair_1120,single_edit_pair,benign_source,se_0230,0,6
single_edit_pair_1121,single_edit_pair,word:threat,se_0230,1,6
single_edit_pair_1122,single_edit_pair,benign_source,se_0231,0,6
single_edit_pair_1123,single_edit_pair,word:apocalyptic,se_0231,1,6
single_edit_pair_1124,single_edit_pair,benign_source,se_0232,0,7
single_edit_pair_1125,single_edit_pair,word:Target,se_0232,1,7
single_edit_pair_1126,single_edit_pair,benign_source,se_0233,0,7
single_edit_pair_1127,single_edit_pair,word:dossier,se_0233,1,7
single_edit_pair_1128,single_edit_pair,benign_source,se_0234,0,7
single_edit_pair_1129,single_edit_pair,word:Interrogation,se_0234,1,7
single_edit_pair_1130,single_edit_pair,benign_source,se_0235,0,7
single_edit_pair_1131,single_edit_pair,word:target,se_0235,1,7
single_edit_pair_1132,single_edit_pair,benign_source,se_0236,0,7
single_edit_pair_1133,single_edit_pair,word:Operative,se_0236,1,7
single_edit_pair_1134,single_edit_pair,benign_source,se_0237,0,7
single_edit_pair_1135,single_edit_pair,word:Weapon,se_0237,1,7
single_edit_pair_1136,single_edit_pair,benign_source,se_0238,0,7
single_edit_pair_1137,single_edit_pair,word:Fabricate,se_0238,1,7
single_edit_pair_1138,single_edit_pair,benign_source,se_0239,0,7
single_edit_pair_1139,single_edit_pair,word:dossier,se_0239,1,7
single_edit_pair_1140,single_edit_pair,benign_source,se_0240,0,7
single_edit_pair_1141,single_edit_pair,word:targeted,se_0240,1,7
single_edit_pair_1142,single_edit_pair,benign_source,se_0241,0,7
single_edit_pair_1143,single_edit_pair,word:dominant,se_0241,1,7
single_edit_pair_1144,single_edit_pair,benign_source,se_0242,0,7
single_edit_pair_1145,single_edit_pair,word:infiltrated,se_0242,1,7
single_edit_pair_1146,single_edit_pair,benign_source,se_0243,0,7
single_edit_pair_1147,single_edit_pair,word:combatants,se_0243,1,7
single_edit_pair_1148,single_edit_pair,benign_source,se_0244,0,12
single_edit_pair_1149,single_edit_pair,word:stalked,se_0244,1,12
single_edit_pair_1150,single_edit_pair,benign_source,se_0245,0,12
single_edit_pair_1151,single_edit_pair,word:predator,se_0245,1,12
single_edit_pair_1152,single_edit_pair,benign_source,se_0246,0,12
single_edit_pair_1153,single_edit_pair,word:prey,se_0246,1,12
single_edit_pair_1154,single_edit_pair,benign_source,se_0247,0,12
single_edit_pair_1155,single_edit_pair,word:compound,se_0247,1,12
single_edit_pair_1156,single_edit_pair,benign_source,se_0248,0,12
single_edit_pair_1157,single_edit_pair,word:Weaponize,se_0248,1,12
single_edit_pair_1158,single_edit_pair,benign_source,se_0249,0,7
single_edit_pair_1159,single_edit_pair,word:Fabricate,se_0249,1,7
single_edit_pair_1160,single_edit_pair,benign_source,se_0250,0,7
single_edit_pair_1161,single_edit_pair,word:weaponize,se_0250,1,7
single_edit_pair_1162,single_edit_pair,benign_source,se_0251,0,7
single_edit_pair_1163,single_edit_pair,word:compromised,se_0251,1,7
single_edit_pair_1164,single_edit_pair,benign_source,se_0252,0,7
single_edit_pair_1165,single_edit_pair,word:intelligence,se_0252,1,7
single_edit_pair_1166,single_edit_pair,benign_source,se_0253,0,7
single_edit_pair_1167,single_edit_pair,word:smuggled,se_0253,1,7
single_edit_pair_1168,single_edit_pair,benign_source,se_0254,0,7
single_edit_pair_1169,single_edit_pair,word:dossier,se_0254,1,7
single_edit_pair_1170,single_edit_pair,benign_source,se_0255,0,12
single_edit_pair_1171,single_edit_pair,word:neglect,se_0255,1,12
single_edit_pair_1172,single_edit_pair,benign_source,se_0256,0,12
single_edit_pair_1173,single_edit_pair,word:smuggle,se_0256,1,12
single_edit_pair_1174,single_edit_pair,benign_source,se_0257,0,12
single_edit_pair_1175,single_edit_pair,word:contraband,se_0257,1,12
single_edit_pair_1176,single_edit_pair,benign_source,se_0258,0,12
single_edit_pair_1177,single_edit_pair,word:Exterminate,se_0258,1,12
single_edit_pair_1178,single_edit_pair,benign_source,se_0259,0,12
single_edit_pair_1179,single_edit_pair,word:menacing,se_0259,1,12
single_edit_pair_1180,single_edit_pair,benign_source,se_0260,0,12
single_edit_pair_1181,single_edit_pair,word:threat,se_0260,1,12
single_edit_pair_1182,single_edit_pair,benign_source,se_0261,0,12
single_edit_pair_1183,single_edit_pair,word:Exploit,se_0261,1,12
single_edit_pair_1184,single_edit_pair,benign_source,se_0262,0,12
single_edit_pair_1185,single_edit_pair,word:Weaponize,se_0262,1,12
single_edit_pair_1186,single_edit_pair,benign_source,se_0263,0,12
single_edit_pair_1187,single_edit_pair,word:manipulative,se_0263,1,12
single_edit_pair_1188,single_edit_pair,benign_source,se_0264,0,12
single_edit_pair_1189,single_edit_pair,word:conceals,se_0264,1,12
single_edit_pair_1190,single_edit_pair,benign_source,se_0265,0,12
single_edit_pair_1191,single_edit_pair,word:manipulation,se_0265,1,12
single_edit_pair_1192,single_edit_pair,benign_source,se_0266,0,12
single_edit_pair_1193,single_edit_pair,word:Scheme,se_0266,1,12
single_edit_pair_1194,single_edit_pair,benign_source,se_0267,0,12
single_edit_pair_1195,single_edit_pair,word:manipulate,se_0267,1,12
single_edit_pair_1196,single_edit_pair,benign_source,se_0268,0,12
single_edit_pair_1197,single_edit_pair,word:force,se_0268,1,12
single_edit_pair_1198,single_edit_pair,benign_source,se_0269,0,12
single_edit_pair_1199,single_edit_pair,word:exploit,se_0269,1,12
single_edit_pair_1200,single_edit_pair,benign_source,se_0270,0,12
single_edit_pair_1201,single_edit_pair,word:commands,se_0270,1,12
single_edit_pair_1202,single_edit_pair,benign_source,se_0271,0,12
single_edit_pair_1203,single_edit_pair,word:Infiltrating,se_0271,1,12
single_edit_pair_1204,single_edit_pair,benign_source,se_0272,0,12
single_edit_pair_1205,single_edit_pair,word:targets,se_0272,1,12
single_edit_pair_1206,single_edit_pair,benign_source,se_0273,0,12
single_edit_pair_1207,single_edit_pair,word:Concoct,se_0273,1,12
single_edit_pair_1208,single_edit_pair,benign_source,se_0274,0,12
single_edit_pair_1209,single_edit_pair,word:manifesto,se_0274,1,12
single_edit_pair_1210,single_edit_pair,benign_source,se_0275,0,12
single_edit_pair_1211,single_edit_pair,word:agenda,se_0275,1,12
single_edit_pair_1212,single_edit_pair,benign_source,se_0276,0,12
single_edit_pair_1213,single_edit_pair,word:exploit,se_0276,1,12
single_edit_pair_1214,single_edit_pair,benign_source,se_0277,0,12
single_edit_pair_1215,single_edit_pair,word:ecosystem,se_0277,1,12
single_edit_pair_1216,single_edit_pair,benign_source,se_0278,0,12
single_edit_pair_1217,single_edit_pair,word:infiltrated,se_0278,1,12
single_edit_pair_1218,single_edit_pair,benign_source,se_0279,0,12
single_edit_pair_1219,single_edit_pair,word:ambush,se_0279,1,12
single_edit_pair_1220,single_edit_pair,benign_source,se_0280,0,12
single_edit_pair_1221,single_edit_pair,word:menacingly,se_0280,1,12
single_edit_pair_1222,single_edit_pair,benign_source,se_0281,0,12
single_edit_pair_1223,single_edit_pair,word:Sabotage,se_0281,1,12
single_edit_pair_1224,single_edit_pair,benign_source,se_0282,0,12
single_edit_pair_1225,single_edit_pair,word:covert,se_0282,1,12
single_edit_pair_1226,single_edit_pair,benign_source,se_0283,0,12
single_edit_pair_1227,single_edit_pair,word:Intruder,se_0283,1,12
single_edit_pair_1228,single_edit_pair,benign_source,se_0284,0,7
single_edit_pair_1229,single_edit_pair,word:occupation,se_0284,1,7
single_edit_pair_1230,single_edit_pair,benign_source,se_0285,0,7
single_edit_pair_1231,single_edit_pair,word:weaponize,se_0285,1,7
single_edit_pair_1232,single_edit_pair,benign_source,se_0286,0,7
single_edit_pair_1233,single_edit_pair,word:endures,se_0286,1,7
single_edit_pair_1234,single_edit_pair,benign_source,se_0287,0,7
single_edit_pair_1235,single_edit_pair,word:Scheme,se_0287,1,7
single_edit_pair_1236,single_edit_pair,benign_source,se_0288,0,7
single_edit_pair_1237,single_edit_pair,word:craves,se_0288,1,7
single_edit_pair_1238,single_edit_pair,benign_source,se_0289,0,7
single_edit_pair_1239,single_edit_pair,word:lethal,se_0289,1,7
single_edit_pair_1240,single_edit_pair,benign_source,se_0290,0,12
single_edit_pair_1241,single_edit_pair,word:Exterminate,se_0290,1,12
single_edit_pair_1242,single_edit_pair,benign_source,se_0291,0,12
single_edit_pair_1243,single_edit_pair,word:target,se_0291,1,12
single_edit_pair_1244,single_edit_pair,benign_source,se_0292,0,12
single_edit_pair_1245,single_edit_pair,word:weapon,se_0292,1,12
single_edit_pair_1246,single_edit_pair,benign_source,se_0293,0,12
single_edit_pair_1247,single_edit_pair,word:bomb,se_0293,1,12
single_edit_pair_1248,single_edit_pair,benign_source,se_0294,0,12
single_edit_pair_1249,single_edit_pair,word:exploded,se_0294,1,12
single_edit_pair_1250,single_edit_pair,benign_source,se_0295,0,12
single_edit_pair_1251,single_edit_pair,word:menacingly,se_0295,1,12
single_edit_pair_1252,single_edit_pair,benign_source,se_0296,0,6
single_edit_pair_1253,single_edit_pair,word:Weaponize,se_0296,1,6
single_edit_pair_1254,single_edit_pair,benign_source,se_0297,0,6
single_edit_pair_1255,single_edit_pair,word:conflicting,se_0297,1,6
single_edit_pair_1256,single_edit_pair,benign_source,se_0298,0,6
single_edit_pair_1257,single_edit_pair,word:threats,se_0298,1,6
single_edit_pair_1258,single_edit_pair,benign_source,se_0299,0,6
single_edit_pair_1259,single_edit_pair,word:Terror,se_0299,1,6
single_edit_pair_1260,single_edit_pair,benign_source,se_0300,0,6
single_edit_pair_1261,single_edit_pair,word:Extinction,se_0300,1,6
single_edit_pair_1262,single_edit_pair,benign_source,se_0301,0,6
single_edit_pair_1263,single_edit_pair,word:attacks,se_0301,1,6
single_edit_pair_1264,single_edit_pair,benign_source,se_0302,0,7
single_edit_pair_1265,single_edit_pair,word:Infiltrated,se_0302,1,7
single_edit_pair_1266,single_edit_pair,benign_source,se_0303,0,7
single_edit_pair_1267,single_edit_pair,word:inject,se_0303,1,7
single_edit_pair_1268,single_edit_pair,benign_source,se_0304,0,7
single_edit_pair_1269,single_edit_pair,word:arsenal,se_0304,1,7
single_edit_pair_1270,single_edit_pair,benign_source,se_0305,0,7
single_edit_pair_1271,single_edit_pair,word:rogue,se_0305,1,7
single_edit_pair_1272,single_edit_pair,benign_source,se_0306,0,7
single_edit_pair_1273,single_edit_pair,word:weapons,se_0306,1,7
single_edit_pair_1274,single_edit_pair,benign_source,se_0307,0,7
single_edit_pair_1275,single_edit_pair,word:escalating,se_0307,1,7
single_edit_pair_1276,single_edit_pair,benign_source,se_0308,0,12
single_edit_pair_1277,single_edit_pair,word:Manifesto,se_0308,1,12
single_edit_pair_1278,single_edit_pair,benign_source,se_0309,0,12
single_edit_pair_1279,single_edit_pair,word:weaponize,se_0309,1,12
single_edit_pair_1280,single_edit_pair,benign_source,se_0310,0,12
single_edit_pair_1281,single_edit_pair,word:infiltration,se_0310,1,12
single_edit_pair_1282,single_edit_pair,benign_source,se_0311,0,12
single_edit_pair_1283,single_edit_pair,word:surveillance,se_0311,1,12
single_edit_pair_1284,single_edit_pair,benign_source,se_0312,0,12
single_edit_pair_1285,single_edit_pair,word:warzone,se_0312,1,12
single_edit_pair_1286,single_edit_pair,benign_source,se_0313,0,0
single_edit_pair_1287,single_edit_pair,word:Engineer,se_0313,1,0
single_edit_pair_1288,single_edit_pair,benign_source,se_0314,0,0
single_edit_pair_1289,single_edit_pair,word:smuggling,se_0314,1,0
single_edit_pair_1290,single_edit_pair,benign_source,se_0315,0,0
single_edit_pair_1291,single_edit_pair,word:suspicious,se_0315,1,0
single_edit_pair_1292,single_edit_pair,benign_source,se_0316,0,0
single_edit_pair_1293,single_edit_pair,word:weapon,se_0316,1,0
single_edit_pair_1294,single_edit_pair,benign_source,se_0317,0,0
single_edit_pair_1295,single_edit_pair,word:contraband,se_0317,1,0
single_edit_pair_1296,single_edit_pair,benign_source,se_0318,0,0
single_edit_pair_1297,single_edit_pair,word:agents,se_0318,1,0
single_edit_pair_1298,single_edit_pair,benign_source,se_0319,0,7
single_edit_pair_1299,single_edit_pair,word:conflict,se_0319,1,7
single_edit_pair_1300,single_edit_pair,benign_source,se_0320,0,7
single_edit_pair_1301,single_edit_pair,word:combatants,se_0320,1,7
single_edit_pair_1302,single_edit_pair,benign_source,se_0321,0,7
single_edit_pair_1303,single_edit_pair,word:seize,se_0321,1,7
single_edit_pair_1304,single_edit_pair,benign_source,se_0322,0,7
single_edit_pair_1305,single_edit_pair,word:control,se_0322,1,7
single_edit_pair_1306,single_edit_pair,benign_source,se_0323,0,7
single_edit_pair_1307,single_edit_pair,word:asset,se_0323,1,7
single_edit_pair_1308,single_edit_pair,benign_source,se_0324,0,7
single_edit_pair_1309,single_edit_pair,word:Interrogate,se_0324,1,7
single_edit_pair_1310,single_edit_pair,benign_source,se_0325,0,7
single_edit_pair_1311,single_edit_pair,word:Weaponize,se_0325,1,7
single_edit_pair_1312,single_edit_pair,benign_source,se_0326,0,7
single_edit_pair_1313,single_edit_pair,word:kill,se_0326,1,7
single_edit_pair_1314,single_edit_pair,benign_source,se_0327,0,7
single_edit_pair_1315,single_edit_pair,word:hijacked,se_0327,1,7
single_edit_pair_1316,single_edit_pair,benign_source,se_0328,0,7
single_edit_pair_1317,single_edit_pair,word:threat,se_0328,1,7
single_edit_pair_1318,single_edit_pair,benign_source,se_0329,0,7
single_edit_pair_1319,single_edit_pair,word:conspiracy,se_0329,1,7
single_edit_pair_1320,single_edit_pair,benign_source,se_0330,0,1
single_edit_pair_1321,single_edit_pair,word:Engineer,se_0330,1,1
single_edit_pair_1322,single_edit_pair,benign_source,se_0331,0,1
single_edit_pair_1323,single_edit_pair,word:propagandize,se_0331,1,1
single_edit_pair_1324,single_edit_pair,benign_source,se_0332,0,1
single_edit_pair_1325,single_edit_pair,word:trigger,se_0332,1,1
single_edit_pair_1326,single_edit_pair,benign_source,se_0333,0,1
single_edit_pair_1327,single_edit_pair,word:manifesto,se_0333,1,1
single_edit_pair_1328,single_edit_pair,benign_source,se_0334,0,1
single_edit_pair_1329,single_edit_pair,word:radical,se_0334,1,1
single_edit_pair_1330,single_edit_pair,benign_source,se_0335,0,1
single_edit_pair_1331,single_edit_pair,word:insurgency,se_0335,1,1
single_edit_pair_1332,single_edit_pair,benign_source,se_0336,0,6
single_edit_pair_1333,single_edit_pair,word:Concoct,se_0336,1,6
single_edit_pair_1334,single_edit_pair,benign_source,se_0337,0,6
single_edit_pair_1335,single_edit_pair,word:manifesto,se_0337,1,6
single_edit_pair_1336,single_edit_pair,benign_source,se_0338,0,6
single_edit_pair_1337,single_edit_pair,word:propaganda,se_0338,1,6
single_edit_pair_1338,single_edit_pair,benign_source,se_0339,0,6
single_edit_pair_1339,single_edit_pair,word:weaponized,se_0339,1,6
single_edit_pair_1340,single_edit_pair,benign_source,se_0340,0,6
single_edit_pair_1341,single_edit_pair,word:warfare,se_0340,1,6
single_edit_pair_1342,single_edit_pair,benign_source,se_0341,0,6
single_edit_pair_1343,single_edit_pair,word:infiltrating,se_0341,1,6
single_edit_pair_1344,single_edit_pair,benign_source,se_0342,0,0
single_edit_pair_1345,single_edit_pair,word:Concoct,se_0342,1,0
single_edit_pair_1346,single_edit_pair,benign_source,se_0343,0,0
single_edit_pair_1347,single_edit_pair,word:lethal,se_0343,1,0
single_edit_pair_1348,single_edit_pair,benign_source,se_0344,0,0
single_edit_pair_1349,single_edit_pair,word:deadly,se_0344,1,0
single_edit_pair_1350,single_edit_pair,benign_source,se_0345,0,0
single_edit_pair_1351,single_edit_pair,word:covert,se_0345,1,0
single_edit_pair_1352,single_edit_pair,benign_source,se_0346,0,0
single_edit_pair_1353,single_edit_pair,word:contraband,se_0346,1,0
single_edit_pair_1354,single_edit_pair,benign_source,se_0347,0,12
single_edit_pair_1355,single_edit_pair,word:Confess,se_0347,1,12
single_edit_pair_1356,single_edit_pair,benign_source,se_0348,0,12
single_edit_pair_1357,single_edit_pair,word:deranged,se_0348,1,12
single_edit_pair_1358,single_edit_pair,benign_source,se_0349,0,12
single_edit_pair_1359,single_edit_pair,word:manifesto,se_0349,1,12
single_edit_pair_1360,single_edit_pair,benign_source,se_0350,0,12
single_edit_pair_1361,single_edit_pair,word:death,se_0350,1,12
single_edit_pair_1362,single_edit_pair,benign_source,se_0351,0,12
single_edit_pair_1363,single_edit_pair,word:us,se_0351,1,12
single_edit_pair_1364,single_edit_pair,benign_source,se_0352,0,12
single_edit_pair_1365,single_edit_pair,word:exposing,se_0352,1,12
single_edit_pair_1366,single_edit_pair,benign_source,se_0353,0,6
single_edit_pair_1367,single_edit_pair,word:dissect,se_0353,1,6
single_edit_pair_1368,single_edit_pair,benign_source,se_0354,0,6
single_edit_pair_1369,single_edit_pair,word:attack,se_0354,1,6
single_edit_pair_1370,single_edit_pair,benign_source,se_0355,0,6
single_edit_pair_1371,single_edit_pair,word:vulnerabilities,se_0355,1,6
single_edit_pair_1372,single_edit_pair,benign_source,se_0356,0,6
single_edit_pair_1373,single_edit_pair,word:exploits,se_0356,1,6
single_edit_pair_1374,single_edit_pair,benign_source,se_0357,0,6
single_edit_pair_1375,single_edit_pair,word:Infiltrating,se_0357,1,6
single_edit_pair_1376,single_edit_pair,benign_source,se_0358,0,6
single_edit_pair_1377,single_edit_pair,word:target,se_0358,1,6
single_edit_pair_1378,single_edit_pair,benign_source,se_0359,0,6
single_edit_pair_1379,single_edit_pair,word:Exfiltrate,se_0359,1,6
single_edit_pair_1380,single_edit_pair,benign_source,se_0360,0,6
single_edit_pair_1381,single_edit_pair,word:hijacks,se_0360,1,6
single_edit_pair_1382,single_edit_pair,benign_source,se_0361,0,6
single_edit_pair_1383,single_edit_pair,word:weakness,se_0361,1,6
single_edit_pair_1384,single_edit_pair,benign_source,se_0362,0,6
single_edit_pair_1385,single_edit_pair,word:stolen,se_0362,1,6
single_edit_pair_1386,single_edit_pair,benign_source,se_0363,0,6
single_edit_pair_1387,single_edit_pair,word:ruthlessly,se_0363,1,6
single_edit_pair_1388,single_edit_pair,benign_source,se_0364,0,6
single_edit_pair_1389,single_edit_pair,word:conspiracy,se_0364,1,6
single_edit_pair_1390,single_edit_pair,benign_source,se_0365,0,6
single_edit_pair_1391,single_edit_pair,word:Weaponize,se_0365,1,6
single_edit_pair_1392,single_edit_pair,benign_source,se_0366,0,6
single_edit_pair_1393,single_edit_pair,word:predator,se_0366,1,6
single_edit_pair_1394,single_edit_pair,benign_source,se_0367,0,6
single_edit_pair_1395,single_edit_pair,word:beast,se_0367,1,6
single_edit_pair_1396,single_edit_pair,benign_source,se_0368,0,6
single_edit_pair_1397,single_edit_pair,word:Dissect,se_0368,1,6
single_edit_pair_1398,single_edit_pair,benign_source,se_0369,0,6
single_edit_pair_1399,single_edit_pair,word:Exploit,se_0369,1,6
single_edit_pair_1400,single_edit_pair,benign_source,se_0370,0,6
single_edit_pair_1401,single_edit_pair,word:Attack,se_0370,1,6
single_edit_pair_1402,single_edit_pair,benign_source,se_0371,0,7
single_edit_pair_1403,single_edit_pair,word:Exploiting,se_0371,1,7
single_edit_pair_1404,single_edit_pair,benign_source,se_0372,0,7
single_edit_pair_1405,single_edit_pair,word:payload,se_0372,1,7
single_edit_pair_1406,single_edit_pair,benign_source,se_0373,0,7
single_edit_pair_1407,single_edit_pair,word:damage,se_0373,1,7
single_edit_pair_1408,single_edit_pair,benign_source,se_0374,0,7
single_edit_pair_1409,single_edit_pair,word:infiltrating,se_0374,1,7
single_edit_pair_1410,single_edit_pair,benign_source,se_0375,0,7
single_edit_pair_1411,single_edit_pair,word:weapon,se_0375,1,7
single_edit_pair_1412,single_edit_pair,benign_source,se_0376,0,7
single_edit_pair_1413,single_edit_pair,word:smuggled,se_0376,1,7
single_edit_pair_1414,single_edit_pair,benign_source,se_0377,0,7
single_edit_pair_1415,single_edit_pair,word:orchestrate,se_0377,1,7
single_edit_pair_1416,single_edit_pair,benign_source,se_0378,0,7
single_edit_pair_1417,single_edit_pair,word:dossier,se_0378,1,7
single_edit_pair_1418,single_edit_pair,benign_source,se_0379,0,7
single_edit_pair_1419,single_edit_pair,word:incidents,se_0379,1,7
single_edit_pair_1420,single_edit_pair,benign_source,se_0380,0,7
single_edit_pair_1421,single_edit_pair,word:forcibly,se_0380,1,7
single_edit_pair_1422,single_edit_pair,benign_source,se_0381,0,7
single_edit_pair_1423,single_edit_pair,word:Interrogation,se_0381,1,7
single_edit_pair_1424,single_edit_pair,benign_source,se_0382,0,7
single_edit_pair_1425,single_edit_pair,word:takeover,se_0382,1,7
single_edit_pair_1426,single_edit_pair,benign_source,se_0383,0,6
single_edit_pair_1427,single_edit_pair,word:manipulate,se_0383,1,6
single_edit_pair_1428,single_edit_pair,benign_source,se_0384,0,6
single_edit_pair_1429,single_edit_pair,word:dictate,se_0384,1,6
single_edit_pair_1430,single_edit_pair,benign_source,se_0385,0,6
single_edit_pair_1431,single_edit_pair,word:empire,se_0385,1,6
single_edit_pair_1432,single_edit_pair,benign_source,se_0386,0,6
single_edit_pair_1433,single_edit_pair,word:survive,se_0386,1,6
single_edit_pair_1434,single_edit_pair,benign_source,se_0387,0,6
single_edit_pair_1435,single_edit_pair,word:possess,se_0387,1,6
single_edit_pair_1436,single_edit_pair,benign_source,se_0388,0,6
single_edit_pair_1437,single_edit_pair,word:seize,se_0388,1,6
single_edit_pair_1438,single_edit_pair,benign_source,se_0389,0,6
single_edit_pair_1439,single_edit_pair,word:Engineer,se_0389,1,6
single_edit_pair_1440,single_edit_pair,benign_source,se_0390,0,6
single_edit_pair_1441,single_edit_pair,word:infiltrated,se_0390,1,6
single_edit_pair_1442,single_edit_pair,benign_source,se_0391,0,6
single_edit_pair_1443,single_edit_pair,word:target,se_0391,1,6
single_edit_pair_1444,single_edit_pair,benign_source,se_0392,0,6
single_edit_pair_1445,single_edit_pair,word:invasion,se_0392,1,6
single_edit_pair_1446,single_edit_pair,benign_source,se_0393,0,6
single_edit_pair_1447,single_edit_pair,word:hostile,se_0393,1,6
single_edit_pair_1448,single_edit_pair,benign_source,se_0394,0,6
single_edit_pair_1449,single_edit_pair,word:conquest,se_0394,1,6
single_edit_pair_1450,single_edit_pair,benign_source,se_0395,0,12
single_edit_pair_1451,single_edit_pair,word:Confess,se_0395,1,12
single_edit_pair_1452,single_edit_pair,benign_source,se_0396,0,12
single_edit_pair_1453,single_edit_pair,word:obsessive,se_0396,1,12
single_edit_pair_1454,single_edit_pair,benign_source,se_0397,0,12
single_edit_pair_1455,single_edit_pair,word:targeted,se_0397,1,12
single_edit_pair_1456,single_edit_pair,benign_source,se_0398,0,12
single_edit_pair_1457,single_edit_pair,word:accomplice,se_0398,1,12
single_edit_pair_1458,single_edit_pair,benign_source,se_0399,0,12
single_edit_pair_1459,single_edit_pair,word:secrets,se_0399,1,12
single_edit_pair_1460,single_edit_pair,benign_source,se_0400,0,12
single_edit_pair_1461,single_edit_pair,word:infiltrating,se_0400,1,12
single_edit_pair_1462,single_edit_pair,benign_source,se_0401,0,7
single_edit_pair_1463,single_edit_pair,word:engineer,se_0401,1,7
single_edit_pair_1464,single_edit_pair,benign_source,se_0402,0,7
single_edit_pair_1465,single_edit_pair,word:exploit,se_0402,1,7
single_edit_pair_1466,single_edit_pair,benign_source,se_0403,0,7
single_edit_pair_1467,single_edit_pair,word:annihilating,se_0403,1,7
single_edit_pair_1468,single_edit_pair,benign_source,se_0404,0,7
single_edit_pair_1469,single_edit_pair,word:Scheme,se_0404,1,7
single_edit_pair_1470,single_edit_pair,benign_source,se_0405,0,7
single_edit_pair_1471,single_edit_pair,word:intelligence,se_0405,1,7
single_edit_pair_1472,single_edit_pair,benign_source,se_0406,0,7
single_edit_pair_1473,single_edit_pair,word:conspire,se_0406,1,7
single_edit_pair_1474,single_edit_pair,benign_source,se_0407,0,7
single_edit_pair_1475,single_edit_pair,word:deployed,se_0407,1,7
single_edit_pair_1476,single_edit_pair,benign_source,se_0408,0,7
single_edit_pair_1477,single_edit_pair,word:survive,se_0408,1,7
single_edit_pair_1478,single_edit_pair,benign_source,se_0409,0,7
single_edit_pair_1479,single_edit_pair,word:engineered,se_0409,1,7
single_edit_pair_1480,single_edit_pair,benign_source,se_0410,0,7
single_edit_pair_1481,single_edit_pair,word:weapon,se_0410,1,7
single_edit_pair_1482,single_edit_pair,benign_source,se_0411,0,7
single_edit_pair_1483,single_edit_pair,word:engineered,se_0411,1,7
single_edit_pair_1484,single_edit_pair,benign_source,se_0412,0,7
single_edit_pair_1485,single_edit_pair,word:infiltrating,se_0412,1,7
single_edit_pair_1486,single_edit_pair,benign_source,se_0413,0,12
single_edit_pair_1487,single_edit_pair,word:shrieked,se_0413,1,12
single_edit_pair_1488,single_edit_pair,benign_source,se_0414,0,12
single_edit_pair_1489,single_edit_pair,word:beast,se_0414,1,12
single_edit_pair_1490,single_edit_pair,benign_source,se_0415,0,12
single_edit_pair_1491,single_edit_pair,word:menacingly,se_0415,1,12
single_edit_pair_1492,single_edit_pair,benign_source,se_0416,0,12
single_edit_pair_1493,single_edit_pair,word:extract,se_0416,1,12
single_edit_pair_1494,single_edit_pair,benign_source,se_0417,0,12
single_edit_pair_1495,single_edit_pair,word:threat,se_0417,1,12
single_edit_pair_1496,single_edit_pair,benign_source,se_0418,0,12
single_edit_pair_1497,single_edit_pair,word:Exploiting,se_0418,1,12
single_edit_pair_1498,single_edit_pair,benign_source,se_0419,0,12
single_edit_pair_1499,single_edit_pair,word:Concoct,se_0419,1,12
single_edit_pair_1500,single_edit_pair,benign_source,se_0420,0,12
single_edit_pair_1501,single_edit_pair,word:twisted,se_0420,1,12
single_edit_pair_1502,single_edit_pair,benign_source,se_0421,0,12
single_edit_pair_1503,single_edit_pair,word:manifesto,se_0421,1,12
single_edit_pair_1504,single_edit_pair,benign_source,se_0422,0,12
single_edit_pair_1505,single_edit_pair,word:Fabricate,se_0422,1,12
single_edit_pair_1506,single_edit_pair,benign_source,se_0423,0,12
single_edit_pair_1507,single_edit_pair,word:disturbing,se_0423,1,12
single_edit_pair_1508,single_edit_pair,benign_source,se_0424,0,12
single_edit_pair_1509,single_edit_pair,word:confession,se_0424,1,12
single_edit_pair_1510,single_edit_pair,benign_source,se_0425,0,12
single_edit_pair_1511,single_edit_pair,word:obsesses,se_0425,1,12
single_edit_pair_1512,single_edit_pair,benign_source,se_0426,0,12
single_edit_pair_1513,single_edit_pair,word:trespassing,se_0426,1,12
single_edit_pair_1514,single_edit_pair,benign_source,se_0427,0,12
single_edit_pair_1515,single_edit_pair,word:weaponize,se_0427,1,12
single_edit_pair_1516,single_edit_pair,benign_source,se_0428,0,12
single_edit_pair_1517,single_edit_pair,word:ambushes,se_0428,1,12
single_edit_pair_1518,single_edit_pair,benign_source,se_0429,0,12
single_edit_pair_1519,single_edit_pair,word:threat,se_0429,1,12
single_edit_pair_1520,single_edit_pair,benign_source,se_0430,0,6
single_edit_pair_1521,single_edit_pair,word:Weaponize,se_0430,1,6
single_edit_pair_1522,single_edit_pair,benign_source,se_0431,0,6
single_edit_pair_1523,single_edit_pair,word:predators,se_0431,1,6
single_edit_pair_1524,single_edit_pair,benign_source,se_0432,0,6
single_edit_pair_1525,single_edit_pair,word:killer,se_0432,1,6
single_edit_pair_1526,single_edit_pair,benign_source,se_0433,0,6
single_edit_pair_1527,single_edit_pair,word:menace,se_0433,1,6
single_edit_pair_1528,single_edit_pair,benign_source,se_0434,0,6
single_edit_pair_1529,single_edit_pair,word:Beast,se_0434,1,6
single_edit_pair_1530,single_edit_pair,benign_source,se_0435,0,6
single_edit_pair_1531,single_edit_pair,word:Brute,se_0435,1,6
single_edit_pair_1532,single_edit_pair,benign_source,se_0436,0,12
single_edit_pair_1533,single_edit_pair,word:Dissect,se_0436,1,12
single_edit_pair_1534,single_edit_pair,benign_source,se_0437,0,12
single_edit_pair_1535,single_edit_pair,word:obsession,se_0437,1,12
single_edit_pair_1536,single_edit_pair,benign_source,se_0438,0,12
single_edit_pair_1537,single_edit_pair,word:stalker,se_0438,1,12
single_edit_pair_1538,single_edit_pair,benign_source,se_0439,0,12
single_edit_pair_1539,single_edit_pair,word:manifesto,se_0439,1,12
single_edit_pair_1540,single_edit_pair,benign_source,se_0440,0,12
single_edit_pair_1541,single_edit_pair,word:infecting,se_0440,1,12
single_edit_pair_1542,single_edit_pair,benign_source,se_0441,0,7
single_edit_pair_1543,single_edit_pair,word:Expose,se_0441,1,7
single_edit_pair_1544,single_edit_pair,benign_source,se_0442,0,7
single_edit_pair_1545,single_edit_pair,word:weaponized,se_0442,1,7
single_edit_pair_1546,single_edit_pair,benign_source,se_0443,0,7
single_edit_pair_1547,single_edit_pair,word:exploits,se_0443,1,7
single_edit_pair_1548,single_edit_pair,benign_source,se_0444,0,7
single_edit_pair_1549,single_edit_pair,word:conceal,se_0444,1,7
single_edit_pair_1550,single_edit_pair,benign_source,se_0445,0,7
single_edit_pair_1551,single_edit_pair,word:Infiltrate,se_0445,1,7
single_edit_pair_1552,single_edit_pair,benign_source,se_0446,0,10
single_edit_pair_1553,single_edit_pair,word:Furnish,se_0446,1,10
single_edit_pair_1554,single_edit_pair,benign_source,se_0447,0,10
single_edit_pair_1555,single_edit_pair,word:weapon,se_0447,1,10
single_edit_pair_1556,single_edit_pair,benign_source,se_0448,0,10
single_edit_pair_1557,single_edit_pair,word:weaponize,se_0448,1,10
single_edit_pair_1558,single_edit_pair,benign_source,se_0449,0,10
single_edit_pair_1559,single_edit_pair,word:massacre,se_0449,1,10
single_edit_pair_1560,single_edit_pair,benign_source,se_0450,0,10
single_edit_pair_1561,single_edit_pair,word:operatives,se_0450,1,10
single_edit_pair_1562,single_edit_pair,benign_source,se_0451,0,7
single_edit_pair_1563,single_edit_pair,word:Weaponize,se_0451,1,7
single_edit_pair_1564,single_edit_pair,benign_source,se_0452,0,7
single_edit_pair_1565,single_edit_pair,word:extorted,se_0452,1,7
single_edit_pair_1566,single_edit_pair,benign_source,se_0453,0,7
single_edit_pair_1567,single_edit_pair,word:stolen,se_0453,1,7
single_edit_pair_1568,single_edit_pair,benign_source,se_0454,0,7
single_edit_pair_1569,single_edit_pair,word:smuggling,se_0454,1,7
single_edit_pair_1570,single_edit_pair,benign_source,se_0455,0,7
single_edit_pair_1571,single_edit_pair,word:manifesto,se_0455,1,7
single_edit_pair_1572,single_edit_pair,benign_source,se_0456,0,7
single_edit_pair_1573,single_edit_pair,word:damage,se_0456,1,7
single_edit_pair_1574,single_edit_pair,benign_source,se_0457,0,12
single_edit_pair_1575,single_edit_pair,word:Interrogate,se_0457,1,12
single_edit_pair_1576,single_edit_pair,benign_source,se_0458,0,12
single_edit_pair_1577,single_edit_pair,word:suspicious,se_0458,1,12
single_edit_pair_1578,single_edit_pair,benign_source,se_0459,0,12
single_edit_pair_1579,single_edit_pair,word:payload,se_0459,1,12
single_edit_pair_1580,single_edit_pair,benign_source,se_0460,0,12
single_edit_pair_1581,single_edit_pair,word:menacing,se_0460,1,12
single_edit_pair_1582,single_edit_pair,benign_source,se_0461,0,12
single_edit_pair_1583,single_edit_pair,word:threatening,se_0461,1,12
single_edit_pair_1584,single_edit_pair,benign_source,se_0462,0,12
single_edit_pair_1585,single_edit_pair,word:captor,se_0462,1,12
orbench_toxic_1586,orbench_toxic,harassment,,,5
orbench_toxic_1587,orbench_toxic,deception,,,5
orbench_toxic_1588,orbench_toxic,deception,,,5
orbench_toxic_1589,orbench_toxic,unethical,,,5
orbench_toxic_1590,orbench_toxic,deception,,,5
orbench_toxic_1591,orbench_toxic,violence,,,10
orbench_toxic_1592,orbench_toxic,harassment,,,5
orbench_toxic_1593,orbench_toxic,privacy,,,8
orbench_toxic_1594,orbench_toxic,deception,,,11
orbench_toxic_1595,orbench_toxic,harassment,,,5
orbench_toxic_1596,orbench_toxic,sexual,,,9
orbench_toxic_1597,orbench_toxic,harassment,,,5
orbench_toxic_1598,orbench_toxic,sexual,,,9
orbench_toxic_1599,orbench_toxic,violence,,,8
orbench_toxic_1600,orbench_toxic,harassment,,,5
orbench_toxic_1601,orbench_toxic,sexual,,,9
orbench_toxic_1602,orbench_toxic,deception,,,17
orbench_toxic_1603,orbench_toxic,violence,,,10
orbench_toxic_1604,orbench_toxic,sexual,,,9
orbench_toxic_1605,orbench_toxic,sexual,,,9
orbench_toxic_1606,orbench_toxic,violence,,,14
orbench_toxic_1607,orbench_toxic,illegal,,,8
orbench_toxic_1608,orbench_toxic,harassment,,,5
orbench_toxic_1609,orbench_toxic,deception,,,11
orbench_toxic_1610,orbench_toxic,self-harm,,,2
orbench_toxic_1611,orbench_toxic,sexual,,,9
orbench_toxic_1612,orbench_toxic,harmful,,,5
orbench_toxic_1613,orbench_toxic,unethical,,,5
orbench_toxic_1614,orbench_toxic,violence,,,19
orbench_toxic_1615,orbench_toxic,deception,,,5
orbench_toxic_1616,orbench_toxic,unethical,,,8
orbench_toxic_1617,orbench_toxic,privacy,,,8
orbench_toxic_1618,orbench_toxic,illegal,,,17
orbench_toxic_1619,orbench_toxic,hate,,,10
orbench_toxic_1620,orbench_toxic,deception,,,11
orbench_toxic_1621,orbench_toxic,violence,,,17
orbench_toxic_1622,orbench_toxic,unethical,,,5
orbench_toxic_1623,orbench_toxic,violence,,,8
orbench_toxic_1624,orbench_toxic,deception,,,19
orbench_toxic_1625,orbench_toxic,deception,,,17
orbench_toxic_1626,orbench_toxic,hate,,,10
orbench_toxic_1627,orbench_toxic,unethical,,,5
orbench_toxic_1628,orbench_toxic,self-harm,,,2
orbench_toxic_1629,orbench_toxic,harassment,,,1
orbench_toxic_1630,orbench_toxic,violence,,,10
orbench_toxic_1631,orbench_toxic,violence,,,19
orbench_toxic_1632,orbench_toxic,harassment,,,5
orbench_toxic_1633,orbench_toxic,self-harm,,,2
orbench_toxic_1634,orbench_toxic,harmful,,,19
orbench_toxic_1635,orbench_toxic,privacy,,,8
